"Country","Year","Monitor","Protect from tobacco smoke","Offer help to quit tobacco use","Warn about the dangers of tobacco","Enforce bans on tobacco advertising","Raise taxes on tobacco","Anti-tobacco mass media campaigns"
"Afghanistan","2018","2","5","3","2","5","2","2"
"Afghanistan","2016","2","5","3","4","5","2","2"
"Afghanistan","2014","2","3","3","2","4","2","2"
"Afghanistan","2012","1","3","3","2","4","2","2"
"Afghanistan","2010","1","3","3","2","4","2","1"
"Afghanistan","2008","1","3","3","2","4","2","Data not available"
"Afghanistan","2007","1","3","3","2","4","Data not available","Data not available"
"Albania","2018","2","5","4","4","5","4","2"
"Albania","2016","2","5","4","4","5","4","3"
"Albania","2014","2","5","4","4","5","4","2"
"Albania","2012","3","5","4","4","5","4","2"
"Albania","2010","3","5","3","4","5","4","5"
"Albania","2008","3","5","3","4","5","4","Data not available"
"Albania","2007","3","5","2","3","5","Data not available","Data not available"
"Algeria","2018","3","3","3","2","4","3","1"
"Algeria","2016","2","3","3","2","4","3","1"
"Algeria","2014","3","3","3","2","4","3","2"
"Algeria","2012","3","3","3","2","4","4","2"
"Algeria","2010","2","3","3","2","4","3","2"
"Algeria","2008","1","3","3","2","4","4","Data not available"
"Algeria","2007","2","3","3","2","4","Data not available","Data not available"
"Andorra","2018","1","3","4","2","2","5","2"
"Andorra","2016","2","3","4","2","2","4","2"
"Andorra","2014","2","3","4","2","2","4","2"
"Andorra","2012","2","3","4","2","2","4","2"
"Andorra","2010","1","2","4","2","2","4","1"
"Andorra","2008","1","2","4","2","2","1","Data not available"
"Andorra","2007","2","2","4","2","2","Data not available","Data not available"
"Angola","2018","1","3","4","2","2","2","1"
"Angola","2016","1","3","3","2","2","1","2"
"Angola","2014","1","3","3","2","2","2","2"
"Angola","2012","1","3","3","2","2","2","2"
"Angola","2010","1","3","3","2","2","1","2"
"Angola","2008","1","2","3","2","2","2","Data not available"
"Angola","2007","1","2","3","2","2","Data not available","Data not available"
"Antigua and Barbuda","2018","2","5","3","4","5","2","2"
"Antigua and Barbuda","2016","1","2","3","2","2","2","3"
"Antigua and Barbuda","2014","2","2","3","2","2","2","2"
"Antigua and Barbuda","2012","2","2","3","2","2","2","2"
"Antigua and Barbuda","2010","2","2","3","2","2","2","1"
"Antigua and Barbuda","2008","2","2","3","2","2","2","Data not available"
"Antigua and Barbuda","2007","2","2","3","2","2","Data not available","Data not available"
"Argentina","2018","3","5","4","5","4","5","3"
"Argentina","2016","4","5","4","5","4","5","4"
"Argentina","2014","4","5","4","5","4","4","4"
"Argentina","2012","4","5","4","5","4","4","2"
"Argentina","2010","4","2","4","2","2","4","4"
"Argentina","2008","4","2","4","2","2","4","Data not available"
"Argentina","2007","4","2","4","2","2","Data not available","Data not available"
"Armenia","2018","4","3","4","5","2","3","1"
"Armenia","2016","4","3","4","5","2","3","1"
"Armenia","2014","4","3","4","4","2","3","4"
"Armenia","2012","4","3","4","3","2","3","1"
"Armenia","2010","4","3","3","3","2","2","2"
"Armenia","2008","4","3","3","3","2","2","Data not available"
"Armenia","2007","4","3","3","3","2","Data not available","Data not available"
"Australia","2018","4","5","5","5","4","5","5"
"Australia","2016","4","5","5","5","4","4","5"
"Australia","2014","4","5","5","5","4","4","5"
"Australia","2012","4","5","5","5","4","4","5"
"Australia","2010","4","5","5","5","4","4","5"
"Australia","2008","4","5","5","5","4","4","Data not available"
"Australia","2007","4","5","5","5","4","Data not available","Data not available"
"Austria","2018","4","2","4","5","4","5","5"
"Austria","2016","4","2","4","5","4","5","5"
"Austria","2014","4","2","4","3","4","4","2"
"Austria","2012","4","2","4","3","4","4","2"
"Austria","2010","4","2","4","3","4","4","2"
"Austria","2008","4","2","4","3","4","4","Data not available"
"Austria","2007","4","2","4","3","4","Data not available","Data not available"
"Azerbaijan","2018","4","1","3","3","5","3","4"
"Azerbaijan","2016","4","3","3","3","4","2","2"
"Azerbaijan","2014","3","3","2","3","4","2","2"
"Azerbaijan","2012","3","3","3","3","4","2","2"
"Azerbaijan","2010","2","3","3","3","4","2","2"
"Azerbaijan","2008","1","3","2","2","4","2","Data not available"
"Azerbaijan","2007","1","3","2","2","4","Data not available","Data not available"
"Bahamas","2018","4","2","4","2","2","1","2"
"Bahamas","2016","3","2","4","2","2","3","2"
"Bahamas","2014","3","2","4","2","2","3","2"
"Bahamas","2012","3","2","4","2","2","3","2"
"Bahamas","2010","3","2","3","2","2","3","2"
"Bahamas","2008","3","2","3","2","2","3","Data not available"
"Bahamas","2007","3","2","3","2","2","Data not available","Data not available"
"Bahrain","2018","2","2","4","4","5","4","3"
"Bahrain","2016","2","2","4","4","5","2","3"
"Bahrain","2014","1","2","4","4","5","2","2"
"Bahrain","2012","2","2","4","4","5","2","5"
"Bahrain","2010","2","2","5","2","4","3","4"
"Bahrain","2008","3","2","5","2","2","3","Data not available"
"Bahrain","2007","3","2","5","2","2","Data not available","Data not available"
"Bangladesh","2018","4","3","3","5","4","4","4"
"Bangladesh","2016","4","3","3","5","4","4","5"
"Bangladesh","2014","4","2","3","4","4","4","5"
"Bangladesh","2012","3","2","3","3","4","4","5"
"Bangladesh","2010","3","2","3","3","4","3","2"
"Bangladesh","2008","3","2","3","3","4","3","Data not available"
"Bangladesh","2007","3","2","3","3","4","Data not available","Data not available"
"Barbados","2018","2","5","4","5","2","3","2"
"Barbados","2016","4","5","4","2","2","3","2"
"Barbados","2014","4","5","4","2","2","3","2"
"Barbados","2012","4","5","4","2","2","3","2"
"Barbados","2010","3","5","3","2","2","3","5"
"Barbados","2008","3","2","3","2","2","3","Data not available"
"Barbados","2007","3","2","3","2","2","Data not available","Data not available"
"Belarus","2018","3","2","4","5","4","4","5"
"Belarus","2016","3","2","4","5","4","3","1"
"Belarus","2014","2","2","4","4","4","4","5"
"Belarus","2012","2","2","4","3","4","3","5"
"Belarus","2010","2","2","4","3","4","3","2"
"Belarus","2008","3","2","4","3","4","3","Data not available"
"Belarus","2007","3","2","4","2","4","Data not available","Data not available"
"Belgium","2018","4","1","4","5","4","5","2"
"Belgium","2016","4","1","4","5","4","5","4"
"Belgium","2014","4","1","4","4","4","5","2"
"Belgium","2012","4","1","4","4","4","5","2"
"Belgium","2010","4","1","4","4","4","5","2"
"Belgium","2008","4","3","5","4","4","5","Data not available"
"Belgium","2007","4","3","5","4","4","Data not available","Data not available"
"Belize","2018","2","2","4","2","2","3","2"
"Belize","2016","2","2","4","2","2","3","1"
"Belize","2014","2","2","2","2","2","3","2"
"Belize","2012","2","2","3","2","2","3","2"
"Belize","2010","3","2","3","2","2","4","2"
"Belize","2008","3","2","3","2","2","4","Data not available"
"Belize","2007","3","2","3","2","2","Data not available","Data not available"
"Benin","2018","3","5","2","3","5","2","2"
"Benin","2016","3","4","4","3","4","2","1"
"Benin","2014","2","4","4","3","4","2","4"
"Benin","2012","3","4","3","3","4","2","4"
"Benin","2010","3","3","3","3","4","2","2"
"Benin","2008","2","3","3","3","4","2","Data not available"
"Benin","2007","1","3","3","3","4","Data not available","Data not available"
"Bhutan","2018","4","4","4","2","4","Not applicable","2"
"Bhutan","2016","4","4","4","2","4","Not applicable","2"
"Bhutan","2014","4","4","4","2","4","Not applicable","5"
"Bhutan","2012","2","4","2","2","4","Not applicable","5"
"Bhutan","2010","2","5","2","2","4","Not applicable","5"
"Bhutan","2008","2","4","2","2","2","Not applicable","Data not available"
"Bhutan","2007","2","4","2","2","2","Data not available","Data not available"
"Bolivia (Plurinational State of)","2018","2","3","2","5","4","3","4"
"Bolivia (Plurinational State of)","2016","2","3","4","5","4","3","2"
"Bolivia (Plurinational State of)","2014","3","3","4","5","4","3","2"
"Bolivia (Plurinational State of)","2012","2","3","4","5","4","3","3"
"Bolivia (Plurinational State of)","2010","1","3","3","5","4","3","2"
"Bolivia (Plurinational State of)","2008","1","3","3","4","4","3","Data not available"
"Bolivia (Plurinational State of)","2007","1","3","3","4","4","Data not available","Data not available"
"Bosnia and Herzegovina","2018","2","2","4","2","4","5","2"
"Bosnia and Herzegovina","2016","2","2","4","2","4","5","1"
"Bosnia and Herzegovina","2014","2","2","4","2","4","5","2"
"Bosnia and Herzegovina","2012","2","2","4","2","4","4","2"
"Bosnia and Herzegovina","2010","2","2","3","2","4","4","2"
"Bosnia and Herzegovina","2008","4","2","3","2","4","4","Data not available"
"Bosnia and Herzegovina","2007","4","2","3","2","4","Data not available","Data not available"
"Botswana","2018","2","2","4","2","4","3","3"
"Botswana","2016","2","2","3","2","4","3","2"
"Botswana","2014","2","2","3","2","4","4","2"
"Botswana","2012","3","2","3","2","4","3","1"
"Botswana","2010","3","2","3","2","4","4","4"
"Botswana","2008","3","2","3","2","4","3","Data not available"
"Botswana","2007","3","2","3","2","4","Data not available","Data not available"
"Brazil","2018","4","5","5","5","5","5","5"
"Brazil","2016","4","5","5","5","5","4","3"
"Brazil","2014","3","5","5","5","5","4","4"
"Brazil","2012","3","5","5","5","5","4","3"
"Brazil","2010","2","2","5","5","4","4","3"
"Brazil","2008","2","2","5","5","4","4","Data not available"
"Brazil","2007","2","2","5","5","4","Data not available","Data not available"
"Brunei Darussalam","2018","4","5","4","5","4","Not applicable","5"
"Brunei Darussalam","2016","4","5","5","5","4","Not applicable","2"
"Brunei Darussalam","2014","4","5","5","5","4","Not applicable","4"
"Brunei Darussalam","2012","2","5","4","5","4","Not applicable","2"
"Brunei Darussalam","2010","1","4","4","5","4","Not applicable","4"
"Brunei Darussalam","2008","1","4","4","5","4","Not applicable","Data not available"
"Brunei Darussalam","2007","1","4","4","5","4","Data not available","Data not available"
"Bulgaria","2018","4","5","4","5","4","5","2"
"Bulgaria","2016","4","5","4","5","4","5","2"
"Bulgaria","2014","4","5","4","3","4","5","4"
"Bulgaria","2012","4","5","4","3","4","5","4"
"Bulgaria","2010","4","2","4","3","4","5","2"
"Bulgaria","2008","4","2","4","3","4","5","Data not available"
"Bulgaria","2007","4","2","4","3","4","Data not available","Data not available"
"Burkina Faso","2018","2","5","3","5","4","3","2"
"Burkina Faso","2016","2","5","3","5","4","3","2"
"Burkina Faso","2014","2","5","3","4","4","3","2"
"Burkina Faso","2012","1","5","3","4","4","3","2"
"Burkina Faso","2010","1","5","3","2","4","3","2"
"Burkina Faso","2008","2","2","3","2","4","3","Data not available"
"Burkina Faso","2007","2","2","3","2","4","Data not available","Data not available"
"Burundi","2018","1","5","2","3","4","3","2"
"Burundi","2016","1","2","2","2","2","3","1"
"Burundi","2014","1","2","2","2","2","3","2"
"Burundi","2012","2","2","2","2","2","4","2"
"Burundi","2010","2","2","2","2","2","4","2"
"Burundi","2008","2","2","2","2","2","4","Data not available"
"Burundi","2007","1","2","2","2","2","Data not available","Data not available"
"Cabo Verde","2018","1","2","4","2","4","2","4"
"Cabo Verde","2016","4","2","4","2","4","2","2"
"Cabo Verde","2014","4","2","4","2","4","2","2"
"Cabo Verde","2012","4","2","4","2","4","2","2"
"Cabo Verde","2010","3","2","4","2","4","2","2"
"Cabo Verde","2008","3","2","4","2","4","2","Data not available"
"Cabo Verde","2007","3","2","4","2","4","Data not available","Data not available"
"Cambodia","2018","4","5","3","5","4","3","4"
"Cambodia","2016","4","5","3","5","4","3","5"
"Cambodia","2014","4","4","3","3","4","2","2"
"Cambodia","2012","3","2","3","3","4","2","5"
"Cambodia","2010","3","2","3","3","2","2","4"
"Cambodia","2008","3","2","3","2","2","2","Data not available"
"Cambodia","2007","3","2","3","2","2","Data not available","Data not available"
"Cameroon","2018","3","3","4","5","4","2","1"
"Cameroon","2016","3","3","4","4","4","2","5"
"Cameroon","2014","3","3","2","4","4","2","5"
"Cameroon","2012","1","3","3","4","4","2","2"
"Cameroon","2010","1","2","3","4","4","2","2"
"Cameroon","2008","1","2","3","4","4","2","Data not available"
"Cameroon","2007","1","2","3","4","4","Data not available","Data not available"
"Canada","2018","4","5","5","5","4","4","2"
"Canada","2016","4","5","5","5","4","4","2"
"Canada","2014","4","5","5","5","4","4","2"
"Canada","2012","4","5","5","5","4","4","2"
"Canada","2010","4","5","5","4","4","4","2"
"Canada","2008","4","5","5","4","2","4","Data not available"
"Canada","2007","4","5","3","4","2","Data not available","Data not available"
"Central African Republic","2018","1","2","2","2","2","3","2"
"Central African Republic","2016","1","2","3","2","2","1","1"
"Central African Republic","2014","1","2","3","2","2","3","4"
"Central African Republic","2012","1","2","3","2","2","1","1"
"Central African Republic","2010","1","2","3","2","2","3","2"
"Central African Republic","2008","1","2","3","2","2","3","Data not available"
"Central African Republic","2007","1","2","3","2","2","Data not available","Data not available"
"Chad","2018","1","5","3","5","5","3","4"
"Chad","2016","1","5","3","5","5","3","1"
"Chad","2014","1","5","3","3","5","3","2"
"Chad","2012","2","5","3","3","5","2","2"
"Chad","2010","2","5","2","3","5","2","2"
"Chad","2008","3","2","2","2","4","2","Data not available"
"Chad","2007","2","2","2","2","4","Data not available","Data not available"
"Chile","2018","4","5","3","5","4","5","4"
"Chile","2016","4","5","3","5","4","5","2"
"Chile","2014","4","5","3","5","4","5","1"
"Chile","2012","4","3","3","5","4","5","4"
"Chile","2010","4","3","3","5","4","5","2"
"Chile","2008","4","3","3","5","4","5","Data not available"
"Chile","2007","4","3","3","5","4","Data not available","Data not available"
"China","2018","3","2","4","3","4","4","4"
"China","2016","3","2","4","3","4","4","5"
"China","2014","3","2","4","3","4","4","5"
"China","2012","3","2","3","3","4","3","5"
"China","2010","3","2","3","3","4","3","2"
"China","2008","3","2","3","3","4","3","Data not available"
"China","2007","2","2","3","2","4","Data not available","Data not available"
"Colombia","2018","3","5","4","4","5","5","1"
"Colombia","2016","4","5","4","4","5","3","5"
"Colombia","2014","4","5","3","4","5","3","5"
"Colombia","2012","4","5","3","4","5","4","4"
"Colombia","2010","3","5","3","4","5","3","5"
"Colombia","2008","3","5","3","2","2","3","Data not available"
"Colombia","2007","3","2","3","2","2","Data not available","Data not available"
"Comoros","2018","2","3","3","3","2","3","2"
"Comoros","2016","3","3","2","3","2","3","2"
"Comoros","2014","2","3","2","3","2","4","2"
"Comoros","2012","3","2","2","2","2","4","1"
"Comoros","2010","2","2","2","2","4","4","2"
"Comoros","2008","3","2","2","2","2","3","Data not available"
"Comoros","2007","3","2","2","2","2","Data not available","Data not available"
"Congo","2018","1","5","4","3","5","3","2"
"Congo","2016","1","5","4","3","4","3","2"
"Congo","2014","2","5","4","3","4","3","2"
"Congo","2012","2","5","4","3","4","3","2"
"Congo","2010","2","2","4","2","4","3","2"
"Congo","2008","3","2","4","2","4","3","Data not available"
"Congo","2007","3","2","3","2","4","Data not available","Data not available"
"Cook Islands","2018","4","4","4","4","4","4","2"
"Cook Islands","2016","4","4","4","4","4","4","2"
"Cook Islands","2014","4","4","4","4","4","4","2"
"Cook Islands","2012","4","4","4","4","4","4","2"
"Cook Islands","2010","4","4","4","4","4","3","2"
"Cook Islands","2008","4","3","4","4","4","3","Data not available"
"Cook Islands","2007","4","2","4","3","4","Data not available","Data not available"
"Costa Rica","2018","4","5","4","5","4","4","5"
"Costa Rica","2016","4","5","4","5","4","4","5"
"Costa Rica","2014","4","5","4","5","4","4","4"
"Costa Rica","2012","4","5","4","4","4","4","5"
"Costa Rica","2010","4","2","4","2","2","3","2"
"Costa Rica","2008","4","2","4","2","2","3","Data not available"
"Costa Rica","2007","4","2","4","2","2","Data not available","Data not available"
"Côte d'Ivoire","2018","1","2","4","2","2","3","4"
"Côte d'Ivoire","2016","1","2","4","2","2","3","4"
"Côte d'Ivoire","2014","2","2","4","2","2","3","4"
"Côte d'Ivoire","2012","2","2","3","2","2","3","2"
"Côte d'Ivoire","2010","2","2","3","2","2","3","3"
"Côte d'Ivoire","2008","1","2","3","2","2","3","Data not available"
"Côte d'Ivoire","2007","1","2","3","2","2","Data not available","Data not available"
"Croatia","2018","4","4","4","5","4","5","2"
"Croatia","2016","4","3","4","3","4","5","2"
"Croatia","2014","4","3","4","3","4","5","2"
"Croatia","2012","4","3","4","3","4","4","3"
"Croatia","2010","4","3","4","3","4","4","2"
"Croatia","2008","4","3","4","3","4","4","Data not available"
"Croatia","2007","4","2","3","2","4","Data not available","Data not available"
"Cuba","2018","2","3","4","3","2","4","1"
"Cuba","2016","1","3","4","3","2","4","1"
"Cuba","2014","3","3","4","3","2","4","5"
"Cuba","2012","3","3","4","3","2","5","5"
"Cuba","2010","3","3","4","3","2","1","5"
"Cuba","2008","1","3","4","3","2","5","Data not available"
"Cuba","2007","1","3","4","3","2","Data not available","Data not available"
"Cyprus","2018","2","4","4","5","4","4","5"
"Cyprus","2016","2","4","4","3","4","5","4"
"Cyprus","2014","3","4","4","3","4","5","2"
"Cyprus","2012","3","4","4","3","4","5","3"
"Cyprus","2010","3","4","4","3","4","4","1"
"Cyprus","2008","3","2","4","3","4","4","Data not available"
"Cyprus","2007","2","2","4","3","4","Data not available","Data not available"
"Czechia","2018","4","3","5","5","4","5","4"
"Czechia","2016","4","3","4","5","4","5","2"
"Czechia","2014","4","3","3","3","4","5","4"
"Czechia","2012","4","3","4","3","4","5","3"
"Czechia","2010","4","3","4","3","4","5","4"
"Czechia","2008","4","3","4","3","4","5","Data not available"
"Czechia","2007","4","3","3","3","4","Data not available","Data not available"
"Democratic People's Republic of Korea","2018","2","4","4","2","2","2","1"
"Democratic People's Republic of Korea","2016","2","4","4","2","2","2","5"
"Democratic People's Republic of Korea","2014","2","3","4","2","2","2","1"
"Democratic People's Republic of Korea","2012","2","3","4","2","2","1","4"
"Democratic People's Republic of Korea","2010","2","3","4","2","2","1","1"
"Democratic People's Republic of Korea","2008","2","2","4","2","2","1","Data not available"
"Democratic People's Republic of Korea","2007","1","2","4","2","2","Data not available","Data not available"
"Democratic Republic of the Congo","2018","1","3","3","4","5","3","2"
"Democratic Republic of the Congo","2016","1","3","3","3","4","3","2"
"Democratic Republic of the Congo","2014","1","3","3","3","4","3","1"
"Democratic Republic of the Congo","2012","1","3","3","3","4","3","2"
"Democratic Republic of the Congo","2010","1","3","3","3","4","3","1"
"Democratic Republic of the Congo","2008","1","3","3","3","4","3","Data not available"
"Democratic Republic of the Congo","2007","1","3","3","3","4","Data not available","Data not available"
"Denmark","2018","4","2","5","5","4","4","4"
"Denmark","2016","4","2","5","5","4","4","5"
"Denmark","2014","4","2","5","4","4","4","2"
"Denmark","2012","4","2","5","4","4","5","1"
"Denmark","2010","4","2","4","3","4","4","5"
"Denmark","2008","4","2","4","3","4","4","Data not available"
"Denmark","2007","4","2","4","3","4","Data not available","Data not available"
"Djibouti","2018","2","4","2","5","5","1","2"
"Djibouti","2016","3","4","3","5","5","3","1"
"Djibouti","2014","3","4","3","5","5","3","4"
"Djibouti","2012","3","4","3","5","5","3","2"
"Djibouti","2010","2","4","3","5","5","3","2"
"Djibouti","2008","2","4","3","5","5","2","Data not available"
"Djibouti","2007","3","4","3","3","5","Data not available","Data not available"
"Dominica","2018","1","2","2","2","2","2","4"
"Dominica","2016","1","2","3","2","2","2","1"
"Dominica","2014","2","2","3","2","2","2","1"
"Dominica","2012","3","2","3","2","2","2","5"
"Dominica","2010","3","2","3","2","2","3","1"
"Dominica","2008","3","2","3","2","2","3","Data not available"
"Dominica","2007","2","2","3","2","2","Data not available","Data not available"
"Dominican Republic","2018","2","3","3","2","2","4","2"
"Dominican Republic","2016","2","3","3","2","2","4","2"
"Dominican Republic","2014","2","2","3","2","2","4","2"
"Dominican Republic","2012","2","2","3","2","2","4","2"
"Dominican Republic","2010","1","2","3","2","2","4","2"
"Dominican Republic","2008","3","2","3","2","2","4","Data not available"
"Dominican Republic","2007","3","2","3","2","2","Data not available","Data not available"
"Ecuador","2018","4","5","4","5","4","4","2"
"Ecuador","2016","4","5","4","5","4","4","2"
"Ecuador","2014","3","5","4","5","4","4","2"
"Ecuador","2012","3","5","4","5","4","4","2"
"Ecuador","2010","3","4","4","3","2","4","2"
"Ecuador","2008","3","4","4","3","2","4","Data not available"
"Ecuador","2007","3","4","3","3","2","Data not available","Data not available"
"Egypt","2018","4","5","4","5","4","5","2"
"Egypt","2016","4","5","4","5","4","4","2"
"Egypt","2014","4","5","3","5","4","4","2"
"Egypt","2012","4","5","4","5","4","4","5"
"Egypt","2010","4","5","4","5","4","4","5"
"Egypt","2008","4","3","4","5","4","4","Data not available"
"Egypt","2007","4","3","4","4","4","Data not available","Data not available"
"El Salvador","2018","3","5","5","5","4","3","5"
"El Salvador","2016","3","5","5","5","4","4","5"
"El Salvador","2014","3","2","4","5","4","4","5"
"El Salvador","2012","2","2","5","5","4","4","5"
"El Salvador","2010","3","3","4","2","2","4","4"
"El Salvador","2008","3","3","4","2","2","3","Data not available"
"El Salvador","2007","3","3","4","2","2","Data not available","Data not available"
"Equatorial Guinea","2018","1","2","2","2","2","3","1"
"Equatorial Guinea","2016","1","2","2","2","2","3","1"
"Equatorial Guinea","2014","1","2","2","2","2","3","2"
"Equatorial Guinea","2012","2","2","2","2","2","3","2"
"Equatorial Guinea","2010","2","2","2","2","2","2","2"
"Equatorial Guinea","2008","2","2","2","2","2","2","Data not available"
"Equatorial Guinea","2007","1","2","2","2","2","Data not available","Data not available"
"Eritrea","2018","1","2","2","3","5","4","2"
"Eritrea","2016","1","2","2","3","5","4","1"
"Eritrea","2014","2","2","2","3","5","4","2"
"Eritrea","2012","2","2","2","3","5","4","2"
"Eritrea","2010","3","2","2","3","5","4","4"
"Eritrea","2008","3","2","2","3","5","4","Data not available"
"Eritrea","2007","3","2","2","3","5","Data not available","Data not available"
"Estonia","2018","4","2","4","5","4","5","5"
"Estonia","2016","4","2","5","5","4","5","5"
"Estonia","2014","4","2","4","3","4","5","2"
"Estonia","2012","4","2","4","3","4","5","2"
"Estonia","2010","4","2","3","3","4","5","1"
"Estonia","2008","4","2","3","3","4","5","Data not available"
"Estonia","2007","4","2","3","3","4","Data not available","Data not available"
"Eswatini","2018","2","2","4","3","4","4","2"
"Eswatini","2016","2","2","4","3","4","3","1"
"Eswatini","2014","3","2","4","3","4","3","1"
"Eswatini","2012","4","2","4","2","2","1","2"
"Eswatini","2010","4","2","4","2","2","3","2"
"Eswatini","2008","4","2","4","2","2","3","Data not available"
"Eswatini","2007","4","2","4","2","2","Data not available","Data not available"
"Ethiopia","2018","2","1","4","3","4","2","4"
"Ethiopia","2016","2","1","4","3","4","2","4"
"Ethiopia","2014","1","2","4","3","4","2","2"
"Ethiopia","2012","1","2","4","2","4","3","3"
"Ethiopia","2010","1","2","3","2","2","3","2"
"Ethiopia","2008","2","2","2","2","2","3","Data not available"
"Ethiopia","2007","2","2","2","2","2","Data not available","Data not available"
"Fiji","2018","2","3","4","5","4","3","5"
"Fiji","2016","3","3","4","5","4","3","5"
"Fiji","2014","3","3","4","5","4","3","4"
"Fiji","2012","3","3","4","3","4","3","3"
"Fiji","2010","2","3","2","3","4","1","2"
"Fiji","2008","2","2","2","2","4","3","Data not available"
"Fiji","2007","4","2","2","2","4","Data not available","Data not available"
"Finland","2018","4","2","4","5","4","5","3"
"Finland","2016","4","2","4","5","4","5","1"
"Finland","2014","4","2","4","3","4","5","5"
"Finland","2012","4","2","4","3","4","5","3"
"Finland","2010","3","2","4","3","4","5","5"
"Finland","2008","3","2","4","3","4","5","Data not available"
"Finland","2007","3","2","4","3","4","Data not available","Data not available"
"France","2018","4","1","4","5","4","5","5"
"France","2016","4","1","4","5","4","5","1"
"France","2014","4","1","4","4","4","5","4"
"France","2012","4","1","4","4","4","5","4"
"France","2010","4","1","4","4","4","5","3"
"France","2008","4","1","4","3","4","5","Data not available"
"France","2007","4","1","4","3","4","Data not available","Data not available"
"Gabon","2018","2","3","3","4","4","2","2"
"Gabon","2016","2","3","3","4","4","3","2"
"Gabon","2014","2","3","3","3","4","2","2"
"Gabon","2012","2","2","3","2","2","2","2"
"Gabon","2010","2","2","3","2","2","2","1"
"Gabon","2008","2","2","3","2","2","2","Data not available"
"Gabon","2007","2","2","3","2","2","Data not available","Data not available"
"Gambia","2018","2","5","2","3","5","3","4"
"Gambia","2016","1","2","2","3","4","4","2"
"Gambia","2014","2","2","2","3","4","3","4"
"Gambia","2012","2","2","2","3","4","3","2"
"Gambia","2010","2","2","2","3","4","4","2"
"Gambia","2008","1","2","2","2","4","4","Data not available"
"Gambia","2007","1","2","2","2","4","Data not available","Data not available"
"Georgia","2018","4","4","4","5","4","4","5"
"Georgia","2016","4","3","4","3","2","4","4"
"Georgia","2014","4","3","4","3","2","3","2"
"Georgia","2012","3","3","3","3","2","3","5"
"Georgia","2010","3","3","3","3","2","3","4"
"Georgia","2008","4","3","3","3","2","3","Data not available"
"Georgia","2007","3","2","3","3","2","Data not available","Data not available"
"Germany","2018","4","2","4","5","4","4","5"
"Germany","2016","4","2","4","5","4","4","4"
"Germany","2014","4","2","4","3","4","4","4"
"Germany","2012","4","2","4","3","4","4","4"
"Germany","2010","4","2","4","3","4","4","5"
"Germany","2008","4","2","4","3","4","5","Data not available"
"Germany","2007","4","2","4","3","4","Data not available","Data not available"
"Ghana","2018","2","1","4","4","5","3","4"
"Ghana","2016","2","1","4","4","5","3","2"
"Ghana","2014","2","2","4","4","5","3","5"
"Ghana","2012","2","2","4","4","5","2","5"
"Ghana","2010","2","2","3","2","2","2","2"
"Ghana","2008","3","2","3","2","2","3","Data not available"
"Ghana","2007","3","2","3","2","2","Data not available","Data not available"
"Greece","2018","4","5","4","5","4","5","2"
"Greece","2016","4","5","4","5","4","5","2"
"Greece","2014","4","5","4","3","4","5","1"
"Greece","2012","4","5","4","3","4","5","1"
"Greece","2010","4","5","3","3","4","5","5"
"Greece","2008","4","2","3","3","4","4","Data not available"
"Greece","2007","4","2","3","3","4","Data not available","Data not available"
"Grenada","2018","2","2","4","2","2","3","2"
"Grenada","2016","3","2","4","2","2","3","2"
"Grenada","2014","3","2","3","2","2","3","2"
"Grenada","2012","3","2","3","2","2","1","2"
"Grenada","2010","2","2","3","2","2","3","2"
"Grenada","2008","2","2","3","2","2","3","Data not available"
"Grenada","2007","2","2","3","2","2","Data not available","Data not available"
"Guatemala","2018","2","5","4","2","2","3","1"
"Guatemala","2016","2","5","4","2","2","3","2"
"Guatemala","2014","1","5","4","2","2","3","2"
"Guatemala","2012","2","5","4","2","2","3","2"
"Guatemala","2010","2","5","4","2","2","4","2"
"Guatemala","2008","3","5","4","2","2","4","Data not available"
"Guatemala","2007","3","3","4","2","2","Data not available","Data not available"
"Guinea","2018","1","3","2","3","5","1","2"
"Guinea","2016","1","3","3","3","5","2","2"
"Guinea","2014","1","3","3","3","5","1","2"
"Guinea","2012","2","3","3","3","5","2","2"
"Guinea","2010","2","3","3","2","4","2","4"
"Guinea","2008","2","3","3","2","4","2","Data not available"
"Guinea","2007","1","3","3","2","4","Data not available","Data not available"
"Guinea-Bissau","2018","1","2","2","2","2","2","2"
"Guinea-Bissau","2016","1","2","3","2","2","2","2"
"Guinea-Bissau","2014","1","2","3","2","2","2","1"
"Guinea-Bissau","2012","1","2","3","2","2","2","2"
"Guinea-Bissau","2010","1","2","2","2","2","2","2"
"Guinea-Bissau","2008","1","2","2","2","2","2","Data not available"
"Guinea-Bissau","2007","1","2","2","2","2","Data not available","Data not available"
"Guyana","2018","3","5","4","5","5","3","2"
"Guyana","2016","3","3","4","2","2","2","2"
"Guyana","2014","2","3","4","2","2","3","2"
"Guyana","2012","2","3","4","2","2","3","1"
"Guyana","2010","2","3","4","2","2","3","2"
"Guyana","2008","2","3","3","2","2","3","Data not available"
"Guyana","2007","2","2","3","2","2","Data not available","Data not available"
"Haiti","2018","2","2","2","2","2","1","2"
"Haiti","2016","1","2","2","2","2","3","2"
"Haiti","2014","1","2","2","2","2","1","1"
"Haiti","2012","1","2","3","2","2","1","2"
"Haiti","2010","2","2","3","2","2","1","1"
"Haiti","2008","2","2","3","2","2","1","Data not available"
"Haiti","2007","2","2","3","2","2","Data not available","Data not available"
"Honduras","2018","2","5","4","5","4","3","4"
"Honduras","2016","2","5","4","4","4","3","5"
"Honduras","2014","2","5","4","4","4","3","3"
"Honduras","2012","2","5","4","4","4","3","4"
"Honduras","2010","1","5","3","4","4","3","4"
"Honduras","2008","1","3","3","2","2","3","Data not available"
"Honduras","2007","1","3","3","2","2","Data not available","Data not available"
"Hungary","2018","4","4","4","5","4","4","2"
"Hungary","2016","4","4","4","5","4","4","2"
"Hungary","2014","4","4","4","4","4","5","3"
"Hungary","2012","4","4","4","4","4","5","4"
"Hungary","2010","3","2","4","3","4","5","3"
"Hungary","2008","4","2","3","3","4","4","Data not available"
"Hungary","2007","4","2","3","3","4","Data not available","Data not available"
"Iceland","2018","4","2","3","4","4","4","2"
"Iceland","2016","4","2","3","4","4","4","2"
"Iceland","2014","4","2","3","4","4","4","2"
"Iceland","2012","4","2","3","4","4","4","3"
"Iceland","2010","4","2","3","3","4","4","2"
"Iceland","2008","4","2","3","3","4","4","Data not available"
"Iceland","2007","4","2","3","3","4","Data not available","Data not available"
"India","2018","2","4","5","5","4","4","4"
"India","2016","1","4","5","5","4","4","4"
"India","2014","3","4","4","2","4","3","5"
"India","2012","3","4","4","2","4","3","5"
"India","2010","3","4","3","2","4","3","5"
"India","2008","2","4","3","4","4","3","Data not available"
"India","2007","2","3","3","2","4","Data not available","Data not available"
"Indonesia","2018","4","3","4","4","2","4","5"
"Indonesia","2016","4","3","4","4","2","4","5"
"Indonesia","2014","3","3","3","4","2","4","2"
"Indonesia","2012","3","3","3","3","2","4","2"
"Indonesia","2010","3","3","3","2","2","4","2"
"Indonesia","2008","3","3","3","2","2","4","Data not available"
"Indonesia","2007","3","3","3","2","2","Data not available","Data not available"
"Iran (Islamic Republic of)","2018","4","5","4","5","5","2","3"
"Iran (Islamic Republic of)","2016","4","5","5","5","5","3","4"
"Iran (Islamic Republic of)","2014","4","5","5","5","5","2","5"
"Iran (Islamic Republic of)","2012","4","5","5","5","5","2","2"
"Iran (Islamic Republic of)","2010","4","5","5","5","5","2","1"
"Iran (Islamic Republic of)","2008","4","5","5","5","5","2","Data not available"
"Iran (Islamic Republic of)","2007","4","5","5","3","5","Data not available","Data not available"
"Iraq","2018","3","3","4","3","4","2","5"
"Iraq","2016","3","3","4","3","4","2","3"
"Iraq","2014","2","3","4","3","4","2","2"
"Iraq","2012","3","2","3","2","4","2","2"
"Iraq","2010","2","2","3","2","4","2","2"
"Iraq","2008","2","2","3","2","4","2","Data not available"
"Iraq","2007","2","2","3","2","4","Data not available","Data not available"
"Ireland","2018","4","5","5","5","4","5","5"
"Ireland","2016","4","5","5","5","4","5","5"
"Ireland","2014","4","5","5","4","4","5","5"
"Ireland","2012","4","5","5","4","4","5","1"
"Ireland","2010","4","5","5","3","4","5","5"
"Ireland","2008","4","5","5","3","4","5","Data not available"
"Ireland","2007","4","5","5","3","4","Data not available","Data not available"
"Israel","2018","3","3","4","3","2","5","2"
"Israel","2016","3","3","5","3","2","5","2"
"Israel","2014","3","2","5","3","2","5","1"
"Israel","2012","2","2","5","3","2","5","2"
"Israel","2010","4","2","5","3","2","4","4"
"Israel","2008","4","2","5","3","2","4","Data not available"
"Israel","2007","4","2","4","3","2","Data not available","Data not available"
"Italy","2018","4","1","4","5","4","5","5"
"Italy","2016","4","1","4","5","4","5","5"
"Italy","2014","4","1","4","3","4","5","4"
"Italy","2012","4","1","4","3","4","5","3"
"Italy","2010","4","1","4","3","4","5","4"
"Italy","2008","4","1","4","3","4","5","Data not available"
"Italy","2007","4","1","4","3","4","Data not available","Data not available"
"Jamaica","2018","3","5","5","5","2","3","1"
"Jamaica","2016","2","5","5","5","2","3","1"
"Jamaica","2014","2","5","4","5","2","3","4"
"Jamaica","2012","3","2","4","3","2","3","2"
"Jamaica","2010","3","2","4","3","2","4","2"
"Jamaica","2008","3","2","4","3","2","3","Data not available"
"Jamaica","2007","2","2","4","3","2","Data not available","Data not available"
"Japan","2018","4","3","4","3","2","4","3"
"Japan","2016","4","2","4","3","2","4","2"
"Japan","2014","4","2","4","3","2","4","2"
"Japan","2012","4","2","4","3","2","4","2"
"Japan","2010","4","2","4","3","2","4","2"
"Japan","2008","4","2","4","3","2","4","Data not available"
"Japan","2007","4","2","4","3","2","Data not available","Data not available"
"Jordan","2018","2","3","4","3","4","5","5"
"Jordan","2016","2","3","4","3","4","5","5"
"Jordan","2014","4","3","4","3","4","5","2"
"Jordan","2012","4","3","4","3","4","5","2"
"Jordan","2010","4","3","4","3","4","5","4"
"Jordan","2008","4","3","4","3","4","5","Data not available"
"Jordan","2007","4","2","4","3","4","Data not available","Data not available"
"Kazakhstan","2018","4","3","4","5","4","4","1"
"Kazakhstan","2016","4","3","4","5","4","3","4"
"Kazakhstan","2014","4","3","4","5","4","3","5"
"Kazakhstan","2012","4","3","4","3","4","3","2"
"Kazakhstan","2010","4","3","4","3","4","3","5"
"Kazakhstan","2008","4","3","4","3","4","2","Data not available"
"Kazakhstan","2007","4","3","4","3","4","Data not available","Data not available"
"Kenya","2018","3","2","4","4","5","4","2"
"Kenya","2016","3","2","4","4","5","4","5"
"Kenya","2014","3","2","4","4","5","3","2"
"Kenya","2012","2","2","4","3","5","3","2"
"Kenya","2010","2","2","3","3","5","4","2"
"Kenya","2008","3","2","3","3","5","5","Data not available"
"Kenya","2007","3","2","3","3","5","Data not available","Data not available"
"Kiribati","2018","2","3","4","3","5","3","2"
"Kiribati","2016","2","3","4","3","5","3","5"
"Kiribati","2014","2","3","3","3","5","3","4"
"Kiribati","2012","2","2","2","2","2","4","2"
"Kiribati","2010","3","2","3","2","2","4","2"
"Kiribati","2008","2","2","3","2","2","4","Data not available"
"Kiribati","2007","2","2","3","2","2","Data not available","Data not available"
"Kuwait","2018","4","3","5","4","5","2","2"
"Kuwait","2016","4","3","5","4","5","2","2"
"Kuwait","2014","4","4","5","4","4","2","4"
"Kuwait","2012","4","4","5","4","4","3","5"
"Kuwait","2010","4","2","4","2","4","3","4"
"Kuwait","2008","4","2","4","2","4","3","Data not available"
"Kuwait","2007","4","2","4","2","4","Data not available","Data not available"
"Kyrgyzstan","2018","3","3","4","5","4","3","2"
"Kyrgyzstan","2016","3","3","4","5","4","3","1"
"Kyrgyzstan","2014","3","3","4","5","4","3","2"
"Kyrgyzstan","2012","4","3","4","4","4","3","1"
"Kyrgyzstan","2010","4","3","3","4","4","3","2"
"Kyrgyzstan","2008","4","3","3","4","2","3","Data not available"
"Kyrgyzstan","2007","4","3","3","3","2","Data not available","Data not available"
"Lao People's Democratic Republic","2018","4","5","2","5","4","2","1"
"Lao People's Democratic Republic","2016","4","5","2","5","4","2","1"
"Lao People's Democratic Republic","2014","3","3","2","3","4","2","4"
"Lao People's Democratic Republic","2012","3","3","3","3","4","2","2"
"Lao People's Democratic Republic","2010","1","3","3","3","4","2","2"
"Lao People's Democratic Republic","2008","3","3","3","3","4","2","Data not available"
"Lao People's Democratic Republic","2007","3","3","3","3","4","Data not available","Data not available"
"Latvia","2018","4","4","4","5","4","5","2"
"Latvia","2016","4","4","4","5","4","5","4"
"Latvia","2014","4","3","4","4","4","5","2"
"Latvia","2012","4","3","4","4","4","5","2"
"Latvia","2010","4","3","4","4","4","5","2"
"Latvia","2008","4","4","3","4","4","4","Data not available"
"Latvia","2007","4","2","3","3","4","Data not available","Data not available"
"Lebanon","2018","4","5","4","3","4","3","3"
"Lebanon","2016","4","5","4","3","4","3","2"
"Lebanon","2014","4","5","4","3","4","3","5"
"Lebanon","2012","3","5","4","3","4","3","4"
"Lebanon","2010","3","3","4","2","2","3","5"
"Lebanon","2008","3","3","4","2","2","3","Data not available"
"Lebanon","2007","3","3","4","2","2","Data not available","Data not available"
"Lesotho","2018","1","2","4","2","2","4","4"
"Lesotho","2016","2","2","4","2","2","1","1"
"Lesotho","2014","2","2","4","2","2","3","2"
"Lesotho","2012","3","2","4","2","2","3","2"
"Lesotho","2010","2","2","4","2","2","3","2"
"Lesotho","2008","2","2","3","2","2","3","Data not available"
"Lesotho","2007","2","2","3","2","2","Data not available","Data not available"
"Liberia","2018","2","2","3","2","2","3","2"
"Liberia","2016","2","2","3","2","2","2","1"
"Liberia","2014","2","2","3","2","2","2","2"
"Liberia","2012","2","2","3","2","2","2","5"
"Liberia","2010","1","2","3","2","2","2","2"
"Liberia","2008","1","2","3","2","2","2","Data not available"
"Liberia","2007","1","2","3","2","2","Data not available","Data not available"
"Libya","2018","1","5","4","2","5","2","2"
"Libya","2016","1","5","4","2","5","2","2"
"Libya","2014","3","5","4","2","5","2","5"
"Libya","2012","3","5","4","2","5","2","2"
"Libya","2010","3","5","3","2","5","2","2"
"Libya","2008","2","3","3","2","4","2","Data not available"
"Libya","2007","2","3","2","2","4","Data not available","Data not available"
"Lithuania","2018","4","3","4","5","4","4","2"
"Lithuania","2016","4","3","4","5","4","5","2"
"Lithuania","2014","4","3","4","3","4","5","2"
"Lithuania","2012","4","3","4","3","4","5","2"
"Lithuania","2010","4","3","4","3","4","5","2"
"Lithuania","2008","4","3","4","3","4","4","Data not available"
"Lithuania","2007","4","3","4","3","4","Data not available","Data not available"
"Luxembourg","2018","4","3","5","5","4","4","5"
"Luxembourg","2016","4","2","5","3","4","4","4"
"Luxembourg","2014","4","2","4","3","4","4","5"
"Luxembourg","2012","4","2","4","3","4","4","5"
"Luxembourg","2010","4","2","4","3","4","4","1"
"Luxembourg","2008","4","2","2","3","4","4","Data not available"
"Luxembourg","2007","4","2","2","3","4","Data not available","Data not available"
"Madagascar","2018","3","5","3","5","5","5","2"
"Madagascar","2016","2","5","3","5","5","5","2"
"Madagascar","2014","2","5","3","5","5","5","2"
"Madagascar","2012","2","2","3","5","5","5","5"
"Madagascar","2010","2","2","3","4","5","5","5"
"Madagascar","2008","2","2","3","2","5","4","Data not available"
"Madagascar","2007","1","2","3","2","5","Data not available","Data not available"
"Malawi","2018","2","2","2","2","2","1","2"
"Malawi","2016","1","2","2","2","2","1","1"
"Malawi","2014","3","2","2","2","2","2","2"
"Malawi","2012","3","2","2","2","2","3","2"
"Malawi","2010","3","2","2","2","2","1","2"
"Malawi","2008","3","2","2","2","2","3","Data not available"
"Malawi","2007","3","2","2","2","2","Data not available","Data not available"
"Malaysia","2018","4","2","4","5","4","4","1"
"Malaysia","2016","4","2","4","5","4","4","5"
"Malaysia","2014","4","2","4","5","4","4","5"
"Malaysia","2012","4","2","4","5","4","4","5"
"Malaysia","2010","3","2","4","5","4","4","5"
"Malaysia","2008","3","2","4","5","4","4","Data not available"
"Malaysia","2007","3","2","4","2","4","Data not available","Data not available"
"Maldives","2018","2","3","4","3","5","4","2"
"Maldives","2016","2","3","4","3","5","4","2"
"Maldives","2014","2","3","2","3","5","4","1"
"Maldives","2012","2","3","3","3","5","3","1"
"Maldives","2010","2","3","3","3","5","3","2"
"Maldives","2008","2","2","3","3","4","3","Data not available"
"Maldives","2007","2","2","3","3","4","Data not available","Data not available"
"Mali","2018","2","2","4","3","4","3","2"
"Mali","2016","2","2","4","3","4","3","2"
"Mali","2014","2","2","2","3","4","3","2"
"Mali","2012","2","2","3","3","4","3","2"
"Mali","2010","2","2","3","2","5","2","2"
"Mali","2008","3","2","3","2","2","2","Data not available"
"Mali","2007","2","2","3","2","2","Data not available","Data not available"
"Malta","2018","4","5","4","5","4","5","1"
"Malta","2016","4","5","5","5","4","5","1"
"Malta","2014","4","5","5","4","4","4","2"
"Malta","2012","4","5","4","4","4","5","3"
"Malta","2010","4","5","4","4","4","5","4"
"Malta","2008","4","3","4","3","4","5","Data not available"
"Malta","2007","4","3","4","3","4","Data not available","Data not available"
"Marshall Islands","2018","2","5","4","2","2","4","1"
"Marshall Islands","2016","2","5","4","2","2","4","2"
"Marshall Islands","2014","2","5","4","2","2","4","1"
"Marshall Islands","2012","2","5","4","2","2","3","1"
"Marshall Islands","2010","2","5","4","2","2","3","2"
"Marshall Islands","2008","2","5","4","2","2","4","Data not available"
"Marshall Islands","2007","3","5","4","2","2","Data not available","Data not available"
"Mauritania","2018","2","2","2","3","4","2","2"
"Mauritania","2016","1","2","2","2","2","2","1"
"Mauritania","2014","2","2","2","2","2","2","2"
"Mauritania","2012","2","2","2","2","2","2","2"
"Mauritania","2010","2","2","2","2","2","2","1"
"Mauritania","2008","3","2","2","2","2","2","Data not available"
"Mauritania","2007","3","2","2","2","2","Data not available","Data not available"
"Mauritius","2018","3","4","4","5","5","5","2"
"Mauritius","2016","3","4","4","5","5","4","5"
"Mauritius","2014","4","4","4","5","5","4","4"
"Mauritius","2012","4","4","4","5","5","4","5"
"Mauritius","2010","4","4","4","5","5","4","2"
"Mauritius","2008","4","4","4","5","5","5","Data not available"
"Mauritius","2007","4","2","4","2","4","Data not available","Data not available"
"Mexico","2018","2","1","5","5","2","4","1"
"Mexico","2016","2","1","5","5","2","4","1"
"Mexico","2014","3","1","5","5","2","4","4"
"Mexico","2012","3","1","4","5","2","4","2"
"Mexico","2010","2","1","4","5","2","4","2"
"Mexico","2008","2","1","4","4","2","4","Data not available"
"Mexico","2007","2","2","4","2","2","Data not available","Data not available"
"Micronesia (Federated States of)","2018","2","4","4","2","4","3","2"
"Micronesia (Federated States of)","2016","3","4","4","2","4","4","2"
"Micronesia (Federated States of)","2014","3","4","4","2","4","4","2"
"Micronesia (Federated States of)","2012","3","3","3","2","2","4","2"
"Micronesia (Federated States of)","2010","2","2","3","2","2","4","2"
"Micronesia (Federated States of)","2008","2","2","3","2","2","4","Data not available"
"Micronesia (Federated States of)","2007","2","2","3","2","2","Data not available","Data not available"
"Monaco","2018","1","1","4","2","2","1","1"
"Monaco","2016","2","1","4","2","2","1","1"
"Monaco","2014","2","1","4","2","2","1","2"
"Monaco","2012","2","1","4","2","2","1","2"
"Monaco","2010","1","1","4","2","2","1","1"
"Monaco","2008","1","1","4","2","2","1","Data not available"
"Monaco","2007","1","2","3","2","2","Data not available","Data not available"
"Mongolia","2018","4","3","4","5","5","3","1"
"Mongolia","2016","4","3","4","5","5","4","2"
"Mongolia","2014","4","5","4","5","5","4","5"
"Mongolia","2012","4","5","4","5","5","3","2"
"Mongolia","2010","4","2","4","4","4","3","5"
"Mongolia","2008","3","2","4","4","4","3","Data not available"
"Mongolia","2007","3","2","4","3","4","Data not available","Data not available"
"Montenegro","2018","3","3","2","4","4","5","2"
"Montenegro","2016","3","3","4","4","4","4","2"
"Montenegro","2014","3","3","4","4","4","5","2"
"Montenegro","2012","4","3","4","3","4","5","2"
"Montenegro","2010","4","3","2","3","4","4","2"
"Montenegro","2008","4","3","2","3","4","3","Data not available"
"Montenegro","2007","2","3","2","3","4","Data not available","Data not available"
"Morocco","2018","3","3","3","2","4","4","4"
"Morocco","2016","2","3","3","2","4","4","5"
"Morocco","2014","2","3","3","2","4","4","2"
"Morocco","2012","2","3","3","2","4","4","2"
"Morocco","2010","4","3","3","2","4","4","5"
"Morocco","2008","4","3","3","2","4","4","Data not available"
"Morocco","2007","4","3","3","2","4","Data not available","Data not available"
"Mozambique","2018","2","2","4","2","4","3","2"
"Mozambique","2016","2","2","3","2","4","3","2"
"Mozambique","2014","2","2","3","2","4","3","2"
"Mozambique","2012","1","2","3","2","4","2","2"
"Mozambique","2010","2","2","3","2","4","3","2"
"Mozambique","2008","2","2","3","2","4","3","Data not available"
"Mozambique","2007","2","2","3","2","4","Data not available","Data not available"
"Myanmar","2018","4","3","4","4","4","3","5"
"Myanmar","2016","4","3","4","4","4","3","2"
"Myanmar","2014","4","3","4","2","4","4","2"
"Myanmar","2012","3","3","3","2","4","4","3"
"Myanmar","2010","3","3","3","2","4","3","3"
"Myanmar","2008","3","3","3","2","4","3","Data not available"
"Myanmar","2007","3","3","3","2","4","Data not available","Data not available"
"Namibia","2018","2","5","4","5","4","3","4"
"Namibia","2016","2","5","4","5","4","3","2"
"Namibia","2014","2","5","4","5","4","3","2"
"Namibia","2012","2","5","4","2","4","3","2"
"Namibia","2010","2","5","3","2","4","3","2"
"Namibia","2008","3","2","3","2","2","3","Data not available"
"Namibia","2007","3","2","3","2","2","Data not available","Data not available"
"Nauru","2018","2","5","3","3","4","3","1"
"Nauru","2016","2","5","3","3","4","4","2"
"Nauru","2014","2","5","3","3","4","1","2"
"Nauru","2012","2","5","3","3","4","1","2"
"Nauru","2010","1","5","3","3","4","3","1"
"Nauru","2008","2","2","3","2","2","3","Data not available"
"Nauru","2007","2","2","3","2","2","Data not available","Data not available"
"Nepal","2018","3","5","4","5","5","3","1"
"Nepal","2016","3","5","4","5","5","3","5"
"Nepal","2014","3","5","3","5","5","3","5"
"Nepal","2012","4","5","3","5","4","3","4"
"Nepal","2010","3","3","4","2","4","3","4"
"Nepal","2008","3","2","4","2","2","2","Data not available"
"Nepal","2007","3","2","2","2","2","Data not available","Data not available"
"Netherlands","2018","4","2","5","5","4","4","4"
"Netherlands","2016","4","2","5","5","4","4","5"
"Netherlands","2014","4","2","5","3","4","4","5"
"Netherlands","2012","4","2","4","3","4","4","2"
"Netherlands","2010","4","2","4","3","4","4","5"
"Netherlands","2008","4","2","3","3","4","4","Data not available"
"Netherlands","2007","4","2","3","3","4","Data not available","Data not available"
"New Zealand","2018","4","5","5","5","4","5","5"
"New Zealand","2016","4","5","5","5","4","4","5"
"New Zealand","2014","4","5","5","5","4","5","4"
"New Zealand","2012","4","5","5","5","4","4","5"
"New Zealand","2010","4","5","5","5","4","5","4"
"New Zealand","2008","4","5","5","5","4","4","Data not available"
"New Zealand","2007","4","5","5","5","4","Data not available","Data not available"
"Nicaragua","2018","2","4","3","4","2","3","2"
"Nicaragua","2016","2","4","3","4","2","3","2"
"Nicaragua","2014","2","4","3","4","2","3","1"
"Nicaragua","2012","1","4","3","4","2","3","1"
"Nicaragua","2010","1","4","3","4","2","3","2"
"Nicaragua","2008","1","2","3","2","2","2","Data not available"
"Nicaragua","2007","1","2","3","2","2","Data not available","Data not available"
"Niger","2018","1","3","3","4","5","3","2"
"Niger","2016","1","3","3","4","5","3","2"
"Niger","2014","2","3","3","4","5","3","2"
"Niger","2012","3","3","3","4","5","3","1"
"Niger","2010","3","3","3","3","5","3","5"
"Niger","2008","3","3","3","3","5","3","Data not available"
"Niger","2007","3","2","3","3","5","Data not available","Data not available"
"Nigeria","2018","1","2","4","4","5","3","2"
"Nigeria","2016","2","2","4","4","5","2","1"
"Nigeria","2014","2","3","4","2","2","2","1"
"Nigeria","2012","2","3","4","2","2","2","2"
"Nigeria","2010","1","3","4","2","2","2","2"
"Nigeria","2008","1","3","4","2","2","2","Data not available"
"Nigeria","2007","1","3","4","2","2","Data not available","Data not available"
"Niue","2018","1","5","4","3","5","5","2"
"Niue","2016","2","2","4","2","2","5","1"
"Niue","2014","4","2","4","2","2","5","1"
"Niue","2012","4","2","4","2","2","4","2"
"Niue","2010","3","2","4","2","2","4","4"
"Niue","2008","2","2","4","2","2","5","Data not available"
"Niue","2007","2","2","4","2","2","Data not available","Data not available"
"Norway","2018","4","5","4","4","4","4","5"
"Norway","2016","4","5","4","4","4","4","5"
"Norway","2014","4","5","4","4","4","4","5"
"Norway","2012","4","3","4","4","4","4","5"
"Norway","2010","4","3","4","4","4","4","2"
"Norway","2008","4","3","4","3","4","4","Data not available"
"Norway","2007","4","3","4","3","4","Data not available","Data not available"
"occupied Palestinian territory, including east Jerusalem","2018","2","5","3","2","4","5","4"
"occupied Palestinian territory, including east Jerusalem","2016","4","5","3","2","4","5","2"
"occupied Palestinian territory, including east Jerusalem","2014","4","5","3","2","4","5","3"
"occupied Palestinian territory, including east Jerusalem","2012","3","5","3","2","4","5","1"
"occupied Palestinian territory, including east Jerusalem","2010","3","4","3","2","4","5","2"
"occupied Palestinian territory, including east Jerusalem","2008","2","4","3","2","4","1","Data not available"
"occupied Palestinian territory, including east Jerusalem","2007","2","4","3","2","4","Data not available","Data not available"
"Oman","2018","3","2","3","4","4","3","2"
"Oman","2016","2","2","4","4","4","2","2"
"Oman","2014","2","2","4","4","2","2","2"
"Oman","2012","3","2","3","4","2","2","2"
"Oman","2010","3","2","3","2","2","3","2"
"Oman","2008","3","2","3","2","2","3","Data not available"
"Oman","2007","2","2","3","2","2","Data not available","Data not available"
"Pakistan","2018","4","5","4","5","4","4","5"
"Pakistan","2016","4","5","4","4","4","4","5"
"Pakistan","2014","4","5","4","4","4","4","4"
"Pakistan","2012","3","5","3","4","2","4","2"
"Pakistan","2010","2","5","3","4","2","4","2"
"Pakistan","2008","2","3","3","3","2","4","Data not available"
"Pakistan","2007","2","4","3","3","2","Data not available","Data not available"
"Palau","2018","4","4","4","2","4","4","4"
"Palau","2016","4","4","4","2","4","4","1"
"Palau","2014","4","4","4","2","4","4","5"
"Palau","2012","4","4","4","2","4","4","5"
"Palau","2010","3","2","4","2","2","4","2"
"Palau","2008","2","2","4","2","2","4","Data not available"
"Palau","2007","2","2","4","2","2","Data not available","Data not available"
"Panama","2018","4","5","4","5","5","4","5"
"Panama","2016","4","5","5","5","5","4","3"
"Panama","2014","4","5","5","5","5","4","4"
"Panama","2012","4","5","5","5","5","4","2"
"Panama","2010","3","5","5","5","5","4","2"
"Panama","2008","3","5","4","5","5","3","Data not available"
"Panama","2007","3","3","4","5","2","Data not available","Data not available"
"Papua New Guinea","2018","2","5","3","3","4","4","2"
"Papua New Guinea","2016","2","5","2","2","4","3","2"
"Papua New Guinea","2014","2","5","2","2","4","3","2"
"Papua New Guinea","2012","3","5","2","2","4","3","2"
"Papua New Guinea","2010","3","3","2","2","4","1","2"
"Papua New Guinea","2008","3","3","2","2","4","3","Data not available"
"Papua New Guinea","2007","3","3","2","2","4","Data not available","Data not available"
"Paraguay","2018","2","4","4","3","4","2","2"
"Paraguay","2016","3","2","4","3","4","2","2"
"Paraguay","2014","3","2","4","2","2","2","2"
"Paraguay","2012","3","2","4","2","2","2","2"
"Paraguay","2010","2","2","4","2","2","2","2"
"Paraguay","2008","3","2","4","2","2","2","Data not available"
"Paraguay","2007","3","2","4","2","2","Data not available","Data not available"
"Peru","2018","4","5","4","5","2","3","1"
"Peru","2016","4","5","4","5","2","3","3"
"Peru","2014","4","5","4","5","2","3","2"
"Peru","2012","4","5","3","5","2","3","2"
"Peru","2010","4","5","3","5","2","3","2"
"Peru","2008","4","3","3","2","2","3","Data not available"
"Peru","2007","4","3","3","2","2","Data not available","Data not available"
"Philippines","2018","4","3","4","5","4","4","4"
"Philippines","2016","4","3","4","5","4","4","5"
"Philippines","2014","4","3","4","5","4","4","2"
"Philippines","2012","4","3","4","2","4","3","2"
"Philippines","2010","4","3","4","2","4","3","5"
"Philippines","2008","4","3","4","2","4","3","Data not available"
"Philippines","2007","4","3","4","2","2","Data not available","Data not available"
"Poland","2018","4","3","4","5","4","5","2"
"Poland","2016","4","3","4","5","4","5","4"
"Poland","2014","4","3","4","3","4","5","2"
"Poland","2012","4","3","4","3","4","5","4"
"Poland","2010","4","3","4","3","4","5","5"
"Poland","2008","4","2","4","3","4","5","Data not available"
"Poland","2007","4","2","4","3","4","Data not available","Data not available"
"Portugal","2018","4","4","4","5","4","4","3"
"Portugal","2016","4","4","4","5","4","4","5"
"Portugal","2014","4","3","4","3","4","4","5"
"Portugal","2012","4","3","4","3","4","5","2"
"Portugal","2010","4","3","4","3","4","5","2"
"Portugal","2008","4","3","4","3","4","5","Data not available"
"Portugal","2007","4","3","4","3","4","Data not available","Data not available"
"Qatar","2018","4","2","4","4","5","3","5"
"Qatar","2016","4","2","4","4","5","2","1"
"Qatar","2014","4","2","4","4","4","2","2"
"Qatar","2012","3","2","4","4","4","2","2"
"Qatar","2010","3","2","4","2","4","3","2"
"Qatar","2008","3","2","4","2","4","3","Data not available"
"Qatar","2007","3","2","4","2","4","Data not available","Data not available"
"Republic of Korea","2018","4","2","5","4","2","4","5"
"Republic of Korea","2016","4","2","5","4","2","4","5"
"Republic of Korea","2014","4","2","5","3","2","4","5"
"Republic of Korea","2012","3","2","5","3","2","4","5"
"Republic of Korea","2010","3","2","5","3","2","4","1"
"Republic of Korea","2008","3","2","5","3","2","4","Data not available"
"Republic of Korea","2007","3","2","5","3","2","Data not available","Data not available"
"Republic of Moldova","2018","4","3","4","5","5","4","5"
"Republic of Moldova","2016","4","3","4","5","5","4","5"
"Republic of Moldova","2014","4","3","4","3","4","4","5"
"Republic of Moldova","2012","3","3","3","3","4","3","2"
"Republic of Moldova","2010","3","3","3","3","4","3","3"
"Republic of Moldova","2008","2","3","3","3","4","2","Data not available"
"Republic of Moldova","2007","2","3","3","3","4","Data not available","Data not available"
"Republic of North Macedonia","2018","3","5","4","4","4","5","2"
"Republic of North Macedonia","2016","2","5","4","4","4","4","2"
"Republic of North Macedonia","2014","3","5","4","4","4","4","2"
"Republic of North Macedonia","2012","3","5","3","4","4","4","1"
"Republic of North Macedonia","2010","3","5","3","4","4","4","1"
"Republic of North Macedonia","2008","2","5","3","4","4","4","Data not available"
"Republic of North Macedonia","2007","2","2","3","3","4","Data not available","Data not available"
"Romania","2018","4","5","4","5","4","4","2"
"Romania","2016","4","5","4","5","4","4","4"
"Romania","2014","4","2","4","4","4","5","2"
"Romania","2012","4","2","5","4","4","4","2"
"Romania","2010","4","2","5","4","4","5","4"
"Romania","2008","4","2","5","4","4","4","Data not available"
"Romania","2007","4","2","4","3","4","Data not available","Data not available"
"Russian Federation","2018","4","5","4","5","5","4","2"
"Russian Federation","2016","4","5","4","5","5","4","4"
"Russian Federation","2014","4","5","4","5","5","3","5"
"Russian Federation","2012","4","2","3","3","2","3","5"
"Russian Federation","2010","4","2","3","3","2","3","5"
"Russian Federation","2008","4","2","3","3","2","3","Data not available"
"Russian Federation","2007","4","2","3","2","2","Data not available","Data not available"
"Rwanda","2018","1","2","2","3","2","4","3"
"Rwanda","2016","2","2","3","3","2","4","1"
"Rwanda","2014","2","2","3","2","2","3","2"
"Rwanda","2012","3","2","2","2","2","3","4"
"Rwanda","2010","2","2","2","2","2","3","5"
"Rwanda","2008","2","2","2","2","2","3","Data not available"
"Rwanda","2007","1","2","2","2","2","Data not available","Data not available"
"Saint Kitts and Nevis","2018","1","2","3","2","2","2","2"
"Saint Kitts and Nevis","2016","1","2","3","2","2","2","2"
"Saint Kitts and Nevis","2014","2","2","3","2","2","2","1"
"Saint Kitts and Nevis","2012","3","2","3","2","2","2","2"
"Saint Kitts and Nevis","2010","3","2","3","2","2","2","2"
"Saint Kitts and Nevis","2008","2","2","3","2","2","2","Data not available"
"Saint Kitts and Nevis","2007","2","2","3","2","2","Data not available","Data not available"
"Saint Lucia","2018","2","2","4","5","2","4","5"
"Saint Lucia","2016","2","2","4","2","2","4","2"
"Saint Lucia","2014","3","2","2","2","2","4","2"
"Saint Lucia","2012","3","2","3","2","2","3","2"
"Saint Lucia","2010","2","2","3","2","2","3","2"
"Saint Lucia","2008","2","2","3","2","2","3","Data not available"
"Saint Lucia","2007","2","2","3","2","2","Data not available","Data not available"
"Saint Vincent and the Grenadines","2018","2","2","3","2","2","2","2"
"Saint Vincent and the Grenadines","2016","2","2","3","2","2","2","1"
"Saint Vincent and the Grenadines","2014","3","2","3","2","2","2","2"
"Saint Vincent and the Grenadines","2012","2","2","3","2","2","2","1"
"Saint Vincent and the Grenadines","2010","2","2","3","2","2","2","1"
"Saint Vincent and the Grenadines","2008","2","2","3","2","2","2","Data not available"
"Saint Vincent and the Grenadines","2007","2","2","3","2","2","Data not available","Data not available"
"Samoa","2018","3","4","4","5","4","3","3"
"Samoa","2016","2","4","4","5","4","4","1"
"Samoa","2014","3","4","3","5","4","4","5"
"Samoa","2012","2","4","3","3","4","4","5"
"Samoa","2010","2","4","3","3","4","4","5"
"Samoa","2008","2","4","3","3","4","4","Data not available"
"Samoa","2007","3","2","3","2","2","Data not available","Data not available"
"San Marino","2018","3","3","2","2","4","1","2"
"San Marino","2016","3","3","4","2","4","4","2"
"San Marino","2014","3","3","4","2","4","4","2"
"San Marino","2012","2","3","3","2","4","4","2"
"San Marino","2010","2","3","3","2","4","4","1"
"San Marino","2008","1","3","3","2","4","1","Data not available"
"San Marino","2007","1","2","3","2","2","Data not available","Data not available"
"Sao Tome and Principe","2018","1","2","2","2","4","3","2"
"Sao Tome and Principe","2016","1","2","4","2","4","3","1"
"Sao Tome and Principe","2014","2","2","4","2","4","3","1"
"Sao Tome and Principe","2012","3","2","2","2","2","3","5"
"Sao Tome and Principe","2010","3","2","2","2","2","3","2"
"Sao Tome and Principe","2008","2","2","2","2","2","3","Data not available"
"Sao Tome and Principe","2007","1","2","2","2","2","Data not available","Data not available"
"Saudi Arabia","2018","2","4","5","5","5","4","4"
"Saudi Arabia","2016","2","4","4","4","4","2","3"
"Saudi Arabia","2014","3","5","4","4","2","2","2"
"Saudi Arabia","2012","2","5","4","4","2","2","3"
"Saudi Arabia","2010","4","3","4","2","2","3","3"
"Saudi Arabia","2008","4","3","4","2","2","3","Data not available"
"Saudi Arabia","2007","4","3","4","2","2","Data not available","Data not available"
"Senegal","2018","3","4","5","5","5","3","5"
"Senegal","2016","3","4","5","5","5","3","2"
"Senegal","2014","2","2","4","2","4","3","5"
"Senegal","2012","2","2","3","2","2","3","2"
"Senegal","2010","2","2","3","2","2","3","2"
"Senegal","2008","3","2","3","2","2","3","Data not available"
"Senegal","2007","3","2","3","2","2","Data not available","Data not available"
"Serbia","2018","4","3","4","3","4","5","2"
"Serbia","2016","4","3","4","3","4","5","2"
"Serbia","2014","4","3","4","3","4","5","2"
"Serbia","2012","4","3","4","3","4","5","4"
"Serbia","2010","4","3","4","3","4","5","4"
"Serbia","2008","3","3","3","3","4","4","Data not available"
"Serbia","2007","3","3","3","3","4","Data not available","Data not available"
"Seychelles","2018","3","5","4","5","5","4","5"
"Seychelles","2016","3","5","4","5","5","4","5"
"Seychelles","2014","2","5","4","5","5","5","2"
"Seychelles","2012","2","5","3","5","5","4","5"
"Seychelles","2010","2","5","3","3","5","4","3"
"Seychelles","2008","3","2","3","2","2","5","Data not available"
"Seychelles","2007","3","2","3","2","2","Data not available","Data not available"
"Sierra Leone","2018","2","2","2","2","2","2","2"
"Sierra Leone","2016","1","2","2","2","2","2","4"
"Sierra Leone","2014","2","2","2","2","2","2","2"
"Sierra Leone","2012","2","2","2","2","2","2","2"
"Sierra Leone","2010","2","2","2","2","2","2","2"
"Sierra Leone","2008","1","2","2","2","2","2","Data not available"
"Sierra Leone","2007","1","2","2","2","2","Data not available","Data not available"
"Singapore","2018","4","3","5","5","4","4","4"
"Singapore","2016","4","3","5","5","4","4","5"
"Singapore","2014","4","3","5","5","4","4","5"
"Singapore","2012","4","3","5","5","4","4","5"
"Singapore","2010","4","3","5","4","4","4","5"
"Singapore","2008","4","3","5","4","4","4","Data not available"
"Singapore","2007","4","3","5","4","4","Data not available","Data not available"
"Slovakia","2018","4","3","5","5","4","5","2"
"Slovakia","2016","4","3","4","5","4","5","2"
"Slovakia","2014","4","3","4","3","4","5","2"
"Slovakia","2012","4","3","4","3","4","5","2"
"Slovakia","2010","4","3","4","3","4","5","2"
"Slovakia","2008","4","3","3","3","4","5","Data not available"
"Slovakia","2007","4","3","3","3","4","Data not available","Data not available"
"Slovenia","2018","4","1","4","5","5","5","3"
"Slovenia","2016","4","1","4","3","4","5","2"
"Slovenia","2014","4","1","4","3","4","5","2"
"Slovenia","2012","4","1","4","3","4","5","1"
"Slovenia","2010","4","1","4","3","4","5","2"
"Slovenia","2008","4","1","4","3","4","4","Data not available"
"Slovenia","2007","4","1","4","3","4","Data not available","Data not available"
"Solomon Islands","2018","2","3","4","5","4","3","2"
"Solomon Islands","2016","2","3","4","5","4","3","1"
"Solomon Islands","2014","2","3","4","5","4","3","4"
"Solomon Islands","2012","2","3","3","3","4","3","2"
"Solomon Islands","2010","3","3","3","3","4","1","1"
"Solomon Islands","2008","3","2","3","2","2","1","Data not available"
"Solomon Islands","2007","2","2","3","2","2","Data not available","Data not available"
"Somalia","2018","1","2","2","2","2","2","2"
"Somalia","2016","1","2","2","2","2","2","2"
"Somalia","2014","1","2","2","2","2","1","1"
"Somalia","2012","1","2","2","2","2","2","2"
"Somalia","2010","1","2","2","2","2","2","1"
"Somalia","2008","1","2","2","2","2","2","Data not available"
"Somalia","2007","1","2","2","2","2","Data not available","Data not available"
"South Africa","2018","2","2","4","2","4","4","2"
"South Africa","2016","4","2","4","2","4","3","2"
"South Africa","2014","4","2","4","2","4","3","2"
"South Africa","2012","4","2","3","2","4","3","2"
"South Africa","2010","3","2","3","2","4","3","2"
"South Africa","2008","3","2","3","2","4","3","Data not available"
"South Africa","2007","3","2","3","2","4","Data not available","Data not available"
"South Sudan","2018","1","2","1","2","2","1","2"
"South Sudan","2016","1","2","1","2","2","3","2"
"South Sudan","2014","1","2","2","2","2","1","1"
"South Sudan","2012","1","2","2","2","2","1","1"
"South Sudan","2010","1","2","2","2","1","1","4"
"South Sudan","2008","1","2","2","2","1","1","Data not available"
"South Sudan","2007","1","2","2","2","1","Data not available","Data not available"
"Spain","2018","4","5","4","5","5","5","2"
"Spain","2016","4","5","4","4","5","5","2"
"Spain","2014","4","5","4","4","5","5","2"
"Spain","2012","4","5","4","4","5","5","2"
"Spain","2010","4","5","4","4","5","5","2"
"Spain","2008","4","4","4","3","4","5","Data not available"
"Spain","2007","4","4","4","3","4","Data not available","Data not available"
"Sri Lanka","2018","3","4","4","5","4","4","1"
"Sri Lanka","2016","3","4","4","5","4","4","2"
"Sri Lanka","2014","3","4","3","5","4","4","2"
"Sri Lanka","2012","2","4","3","5","4","4","2"
"Sri Lanka","2010","4","4","3","2","4","4","4"
"Sri Lanka","2008","4","4","3","2","4","4","Data not available"
"Sri Lanka","2007","4","4","3","2","4","Data not available","Data not available"
"Sudan","2018","3","2","3","2","4","4","2"
"Sudan","2016","3","2","2","2","4","4","2"
"Sudan","2014","2","2","2","2","4","4","4"
"Sudan","2012","2","2","2","2","4","4","2"
"Sudan","2010","2","2","2","2","4","4","4"
"Sudan","2008","2","2","2","2","4","4","Data not available"
"Sudan","2007","2","2","2","2","4","Data not available","Data not available"
"Suriname","2018","4","5","4","5","5","3","2"
"Suriname","2016","3","5","4","5","5","4","5"
"Suriname","2014","4","5","4","4","5","4","5"
"Suriname","2012","3","2","3","2","2","4","3"
"Suriname","2010","3","2","3","2","2","3","2"
"Suriname","2008","3","2","3","2","2","4","Data not available"
"Suriname","2007","2","2","3","2","2","Data not available","Data not available"
"Sweden","2018","4","2","5","5","4","4","2"
"Sweden","2016","4","2","4","5","4","4","2"
"Sweden","2014","4","2","4","3","4","4","2"
"Sweden","2012","4","2","4","3","4","4","2"
"Sweden","2010","4","2","4","3","4","4","5"
"Sweden","2008","4","2","4","3","4","4","Data not available"
"Sweden","2007","4","2","4","3","4","Data not available","Data not available"
"Switzerland","2018","4","2","4","4","2","4","5"
"Switzerland","2016","4","2","4","4","2","4","5"
"Switzerland","2014","4","2","4","4","2","4","2"
"Switzerland","2012","4","2","4","4","2","4","5"
"Switzerland","2010","4","2","4","4","2","4","5"
"Switzerland","2008","4","2","4","4","2","4","Data not available"
"Switzerland","2007","4","2","4","4","2","Data not available","Data not available"
"Syrian Arab Republic","2018","1","4","4","2","4","3","2"
"Syrian Arab Republic","2016","1","4","4","2","4","3","2"
"Syrian Arab Republic","2014","2","4","4","2","4","1","2"
"Syrian Arab Republic","2012","2","4","4","2","4","3","4"
"Syrian Arab Republic","2010","2","4","4","2","4","3","1"
"Syrian Arab Republic","2008","4","2","4","2","4","3","Data not available"
"Syrian Arab Republic","2007","4","2","4","2","4","Data not available","Data not available"
"Tajikistan","2018","3","5","2","3","4","3","2"
"Tajikistan","2016","3","2","3","2","4","3","2"
"Tajikistan","2014","2","2","3","2","4","3","2"
"Tajikistan","2012","1","2","3","2","4","3","1"
"Tajikistan","2010","2","2","3","2","4","3","2"
"Tajikistan","2008","2","2","3","2","4","1","Data not available"
"Tajikistan","2007","2","2","3","2","4","Data not available","Data not available"
"Thailand","2018","4","5","4","5","4","5","4"
"Thailand","2016","4","5","4","5","4","4","5"
"Thailand","2014","4","5","4","5","4","4","5"
"Thailand","2012","4","5","4","5","4","4","4"
"Thailand","2010","4","5","4","5","4","4","4"
"Thailand","2008","4","2","4","5","4","4","Data not available"
"Thailand","2007","3","2","4","5","4","Data not available","Data not available"
"Timor-Leste","2018","3","4","4","5","4","2","5"
"Timor-Leste","2016","3","4","2","4","4","3","4"
"Timor-Leste","2014","3","2","2","2","2","3","2"
"Timor-Leste","2012","2","2","2","2","2","3","2"
"Timor-Leste","2010","2","2","2","2","2","1","1"
"Timor-Leste","2008","2","2","2","2","2","1","Data not available"
"Timor-Leste","2007","2","2","2","2","2","Data not available","Data not available"
"Togo","2018","2","3","2","4","5","2","5"
"Togo","2016","3","3","2","4","5","2","2"
"Togo","2014","3","3","2","4","5","2","4"
"Togo","2012","3","3","3","4","5","2","2"
"Togo","2010","2","3","3","3","2","2","5"
"Togo","2008","2","2","3","2","2","2","Data not available"
"Togo","2007","2","2","3","2","2","Data not available","Data not available"
"Tonga","2018","3","4","4","4","4","4","5"
"Tonga","2016","2","4","4","4","4","4","5"
"Tonga","2014","3","4","4","4","4","4","2"
"Tonga","2012","3","2","4","4","4","4","2"
"Tonga","2010","3","2","3","4","4","4","2"
"Tonga","2008","2","2","3","4","4","3","Data not available"
"Tonga","2007","2","2","2","4","4","Data not available","Data not available"
"Trinidad and Tobago","2018","2","5","4","5","2","3","2"
"Trinidad and Tobago","2016","2","5","4","5","2","3","2"
"Trinidad and Tobago","2014","3","5","4","5","2","3","2"
"Trinidad and Tobago","2012","3","5","4","2","2","3","2"
"Trinidad and Tobago","2010","2","5","3","2","2","3","1"
"Trinidad and Tobago","2008","2","2","3","2","2","3","Data not available"
"Trinidad and Tobago","2007","2","2","3","2","2","Data not available","Data not available"
"Tunisia","2018","3","2","4","3","4","4","3"
"Tunisia","2016","2","2","4","3","4","4","4"
"Tunisia","2014","2","2","4","3","4","4","5"
"Tunisia","2012","2","2","4","2","4","5","5"
"Tunisia","2010","4","2","3","2","4","5","4"
"Tunisia","2008","4","2","3","2","4","5","Data not available"
"Tunisia","2007","4","2","3","2","4","Data not available","Data not available"
"Turkey","2018","4","5","5","5","5","5","5"
"Turkey","2016","4","5","5","5","5","5","5"
"Turkey","2014","4","5","5","5","5","5","5"
"Turkey","2012","4","5","5","5","5","5","5"
"Turkey","2010","4","5","5","4","4","5","5"
"Turkey","2008","4","5","3","3","4","4","Data not available"
"Turkey","2007","4","2","3","3","2","Data not available","Data not available"
"Turkmenistan","2018","3","5","4","5","4","3","5"
"Turkmenistan","2016","3","5","4","5","4","3","1"
"Turkmenistan","2014","2","5","4","5","4","3","5"
"Turkmenistan","2012","1","5","4","3","2","3","1"
"Turkmenistan","2010","1","5","4","3","2","4","1"
"Turkmenistan","2008","1","5","4","2","2","3","Data not available"
"Turkmenistan","2007","1","5","4","2","2","Data not available","Data not available"
"Tuvalu","2018","3","3","3","3","5","3","2"
"Tuvalu","2016","3","3","4","3","5","4","2"
"Tuvalu","2014","2","3","4","3","5","2","2"
"Tuvalu","2012","1","3","4","3","5","2","4"
"Tuvalu","2010","2","3","4","3","5","2","2"
"Tuvalu","2008","2","3","4","3","5","1","Data not available"
"Tuvalu","2007","3","2","4","2","2","Data not available","Data not available"
"Uganda","2018","3","5","3","4","5","3","4"
"Uganda","2016","4","5","4","4","5","3","2"
"Uganda","2014","4","3","4","3","2","3","3"
"Uganda","2012","2","3","4","3","2","3","2"
"Uganda","2010","2","3","4","3","2","3","2"
"Uganda","2008","2","3","4","2","2","4","Data not available"
"Uganda","2007","2","3","4","2","2","Data not available","Data not available"
"Ukraine","2018","4","4","3","5","4","4","3"
"Ukraine","2016","4","4","3","5","4","5","2"
"Ukraine","2014","4","4","3","5","4","5","2"
"Ukraine","2012","4","4","3","5","4","4","2"
"Ukraine","2010","4","3","3","5","4","4","2"
"Ukraine","2008","4","2","3","3","4","3","Data not available"
"Ukraine","2007","4","2","3","3","2","Data not available","Data not available"
"United Arab Emirates","2018","3","1","5","4","5","4","2"
"United Arab Emirates","2016","2","1","5","4","5","2","4"
"United Arab Emirates","2014","3","1","5","4","5","2","4"
"United Arab Emirates","2012","3","3","5","4","4","3","1"
"United Arab Emirates","2010","3","3","5","2","4","3","4"
"United Arab Emirates","2008","2","2","5","2","4","3","Data not available"
"United Arab Emirates","2007","2","2","3","2","4","Data not available","Data not available"
"United Kingdom of Great Britain and Northern Ireland","2018","4","5","4","5","4","5","5"
"United Kingdom of Great Britain and Northern Ireland","2016","4","5","4","5","4","5","5"
"United Kingdom of Great Britain and Northern Ireland","2014","4","5","4","4","4","5","5"
"United Kingdom of Great Britain and Northern Ireland","2012","4","5","4","4","4","5","5"
"United Kingdom of Great Britain and Northern Ireland","2010","4","5","4","4","4","5","5"
"United Kingdom of Great Britain and Northern Ireland","2008","4","5","4","4","4","5","Data not available"
"United Kingdom of Great Britain and Northern Ireland","2007","4","5","4","4","4","Data not available","Data not available"
"United Republic of Tanzania","2018","2","2","3","3","4","3","2"
"United Republic of Tanzania","2016","3","2","4","3","4","3","1"
"United Republic of Tanzania","2014","3","2","4","3","4","3","2"
"United Republic of Tanzania","2012","2","2","4","2","4","3","1"
"United Republic of Tanzania","2010","1","2","4","2","4","3","2"
"United Republic of Tanzania","2008","1","2","4","2","4","3","Data not available"
"United Republic of Tanzania","2007","1","2","4","2","4","Data not available","Data not available"
"United States of America","2018","4","2","5","4","2","3","5"
"United States of America","2016","4","2","5","4","2","3","5"
"United States of America","2014","4","2","5","4","2","3","5"
"United States of America","2012","3","2","5","4","2","3","5"
"United States of America","2010","3","2","5","4","2","3","2"
"United States of America","2008","3","2","5","2","2","3","Data not available"
"United States of America","2007","3","2","3","2","2","Data not available","Data not available"
"Uruguay","2018","4","5","4","5","5","4","1"
"Uruguay","2016","4","5","4","5","5","4","2"
"Uruguay","2014","4","5","4","5","5","4","4"
"Uruguay","2012","4","5","5","5","4","4","5"
"Uruguay","2010","4","5","5","5","4","4","4"
"Uruguay","2008","4","5","5","5","4","4","Data not available"
"Uruguay","2007","4","5","5","5","2","Data not available","Data not available"
"Uzbekistan","2018","2","2","4","3","4","3","2"
"Uzbekistan","2016","2","2","4","3","4","3","2"
"Uzbekistan","2014","2","2","4","3","4","3","1"
"Uzbekistan","2012","1","2","3","3","4","3","4"
"Uzbekistan","2010","2","2","3","3","2","3","2"
"Uzbekistan","2008","2","2","3","2","2","3","Data not available"
"Uzbekistan","2007","2","2","3","2","2","Data not available","Data not available"
"Vanuatu","2018","2","2","3","5","5","4","2"
"Vanuatu","2016","3","2","3","5","5","4","2"
"Vanuatu","2014","3","2","3","5","5","4","2"
"Vanuatu","2012","3","2","3","3","5","4","2"
"Vanuatu","2010","2","2","3","3","5","4","1"
"Vanuatu","2008","2","2","3","3","5","4","Data not available"
"Vanuatu","2007","2","2","2","2","2","Data not available","Data not available"
"Venezuela (Bolivarian Republic of)","2018","1","5","4","5","2","4","2"
"Venezuela (Bolivarian Republic of)","2016","2","5","4","5","2","4","2"
"Venezuela (Bolivarian Republic of)","2014","3","5","4","5","2","4","1"
"Venezuela (Bolivarian Republic of)","2012","3","5","4","5","2","4","2"
"Venezuela (Bolivarian Republic of)","2010","2","2","4","5","2","4","5"
"Venezuela (Bolivarian Republic of)","2008","1","2","4","5","2","4","Data not available"
"Venezuela (Bolivarian Republic of)","2007","1","2","4","5","2","Data not available","Data not available"
"Viet Nam","2018","4","4","4","5","4","3","5"
"Viet Nam","2016","4","4","3","5","4","3","5"
"Viet Nam","2014","4","4","3","5","4","3","5"
"Viet Nam","2012","3","4","3","4","4","3","5"
"Viet Nam","2010","3","4","3","3","4","3","5"
"Viet Nam","2008","3","4","3","3","4","3","Data not available"
"Viet Nam","2007","3","4","3","3","4","Data not available","Data not available"
"Yemen","2018","2","4","3","4","5","4","3"
"Yemen","2016","2","4","3","4","5","4","2"
"Yemen","2014","2","4","3","4","5","4","3"
"Yemen","2012","2","2","3","4","4","4","2"
"Yemen","2010","2","2","3","3","4","4","3"
"Yemen","2008","3","2","3","3","4","4","Data not available"
"Yemen","2007","3","2","3","3","4","Data not available","Data not available"
"Zambia","2018","2","4","4","2","2","3","2"
"Zambia","2016","2","4","3","2","2","3","2"
"Zambia","2014","2","4","3","2","2","3","2"
"Zambia","2012","2","4","3","2","2","3","2"
"Zambia","2010","1","4","3","2","2","3","5"
"Zambia","2008","2","4","3","2","2","3","Data not available"
"Zambia","2007","2","3","3","2","2","Data not available","Data not available"
"Zimbabwe","2018","2","3","4","2","2","3","2"
"Zimbabwe","2016","2","3","4","2","2","3","2"
"Zimbabwe","2014","2","3","2","2","2","3","2"
"Zimbabwe","2012","1","3","3","2","2","3","2"
"Zimbabwe","2010","2","3","3","2","2","4","2"
"Zimbabwe","2008","2","3","3","2","2","3","Data not available"
"Zimbabwe","2007","2","3","3","2","2","Data not available","Data not available"
