"Country","Year","Most sold brand of cigarettes - price in currency reported","Most sold brand of cigarettes - currency reported","Most sold brand of cigarettes - taxes as a % of price - specific excise","Most sold brand of cigarettes - taxes as a % of price - ad valorem excise","Most sold brand of cigarettes - taxes as a % of price - value added tax","Most sold brand of cigarettes - taxes as a % of price - import duties","Most sold brand of cigarettes - taxes as a % of price - other taxes","Most sold brand of cigarettes - taxes as a % of price - total tax"
"Afghanistan","2018","30","AFN","0","0","0","4.1","0","4.1"
"Afghanistan","2016","30","AFN","0","0","0","4.1","0","4.1"
"Afghanistan","2014","20","AFN","0","0","0","2.8","0","2.8"
"Afghanistan","2012","15","AFN","0","0","0","2.5","0","2.5"
"Afghanistan","2010","10","AFN","0","0","0","3.6","0","3.6"
"Afghanistan","2008","8.5","AFN","0","0","0","7.8","0","7.8"
"Albania","2018","240","ALL","48.8","0","16.7","1.8","0","67.2"
"Albania","2016","230","ALL","47.8","0","16.7","1.8","0","66.3"
"Albania","2014","200","ALL","45","0","16.7","2.4","0","64.1"
"Albania","2012","170","ALL","41.2","0","16.7","2.9","0","60.7"
"Albania","2010","150","ALL","33.3","0","16.7","2.9","0","52.9"
"Albania","2008","130","ALL","30.8","0","16.7","2.5","0","50"
"Algeria","2018","300","DZD","10","6.6","14","0","3.7","34.2"
"Algeria","2016","210","DZD","11.9","6.3","13.8","0","5.2","37.2"
"Algeria","2014","150","DZD","14.3","0","13.5","0","7.3","35.1"
"Algeria","2012","85","DZD","25.2","0","12.6","0","12.9","50.8"
"Algeria","2010","85","DZD","25.2","0","13","0","10.6","48.8"
"Algeria","2008","70","DZD","30.6","0","13.3","0","8.6","52.5"
"Andorra","2018","3.6","EUR","75","0","4.3","0","0","79.3"
"Andorra","2016","3.5","EUR","70.2","0","4.3","0","0","74.5"
"Andorra","2014","3.5","EUR","63.9","0","4.3","0","0","68.2"
"Andorra","2012","3.1","EUR","53.5","0","1","0","1.7","56.3"
"Andorra","2010","2.4","EUR","0.8","1.7","1.3","54.2","0","58"
"Andorra","2008","Data not available","Not applicable","Data not available","Data not available","Data not available","Data not available","Data not available","Data not available"
"Angola","2018","450","AOA","0","0","22.9","0","0.8","23.7"
"Angola","2016","Data not available","Data not available","Data not available","Data not available","Data not available","Data not available","Data not available","Data not available"
"Angola","2014","200","AOA","0","0","22.9","0","0.8","23.7"
"Angola","2012","150","AOA","0","0","23","0","0.4","23.4"
"Angola","2010","Data not available","Data not available","Data not available","Data not available","Data not available","Data not available","Data not available","Data not available"
"Angola","2008","50","AOA","0","0","23","0","0.4","23.4"
"Antigua and Barbuda","2018","8","XCD","0","0","13","0","0.2","13.3"
"Antigua and Barbuda","2016","8","XCD","0","0","13","0","2.4","15.5"
"Antigua and Barbuda","2014","8","XCD","0","0","13","0","1.6","14.6"
"Antigua and Barbuda","2012","6.5","XCD","0","0","13","0","2","15"
"Antigua and Barbuda","2010","6.5","XCD","0","0","13","0","1.7","14.8"
"Antigua and Barbuda","2008","6.5","XCD","0","0","13","0","1.7","14.8"
"Argentina","2018","60","ARS","0","71.2","5","0","0","76.2"
"Argentina","2016","40","ARS","0","76.1","4.2","0","0","80.3"
"Argentina","2014","14.5","ARS","0","64.3","5.5","0","0","69.8"
"Argentina","2012","8","ARS","0","64.6","5.3","0","0","69.9"
"Argentina","2010","5.38","ARS","0","63.9","5.3","0","0","69.3"
"Argentina","2008","3.8","ARS","0","62.6","6.6","0","0","69.2"
"Armenia","2018","680","AMD","0","21.4","16.7","0","0","38.1"
"Armenia","2016","600","AMD","18.3","0","16.7","0","0","35"
"Armenia","2014","600","AMD","16.7","0","16.7","0","0","33.3"
"Armenia","2012","600","AMD","20","0","5","0","0","25"
"Armenia","2010","550","AMD","18.1","0","3.5","2","0","23.6"
"Armenia","2008","500","AMD","16.8","0","3.3","1.9","0","22"
"Australia","2018","20.75","AUD","68.4","0","9.1","0","0","77.5"
"Australia","2016","21","AUD","51.2","0","9.1","0","0","60.3"
"Australia","2014","17.05","AUD","47.7","0","9.1","0","0","56.8"
"Australia","2012","13.63","AUD","51.2","0","9.1","0","0","60.3"
"Australia","2010","11.98","AUD","54.7","0","9.1","0","0","63.8"
"Australia","2008","9.6","AUD","53","0","9.1","0","0","62.1"
"Austria","2018","5.5","EUR","21.1","37.5","16.7","0","0","75.3"
"Austria","2016","5","EUR","20","39","16.7","0","0","75.7"
"Austria","2014","4.9","EUR","16.3","41","16.7","0","0","74"
"Austria","2012","4.5","EUR","15.6","42","16.7","0","0","74.2"
"Austria","2010","4","EUR","13.3","43","16.7","0","0","73"
"Austria","2008","3.6","EUR","14.8","43","16.7","0","0","74.5"
"Azerbaijan","2018","1.2","AZN","20","0","15.3","0","0","35.3"
"Azerbaijan","2016","2.8","AZN","2.9","0","15.3","0","0","18.1"
"Azerbaijan","2014","1.4","AZN","2","0","15.3","0","0","17.3"
"Azerbaijan","2012","1.1","AZN","2.6","0","15.3","0.7","0","18.6"
"Azerbaijan","2010","0.7","AZN","4.1","0","15.3","1.1","0","20.5"
"Azerbaijan","2008","0.7","AZN","4.1","0","15.3","1.1","0","20.5"
"Bahamas","2018","Data not available","Data not available","Data not available","Data not available","Data not available","Data not available","Data not available","Data not available"
"Bahamas","2016","8.95","BSD","33.5","0","7","0","0","40.5"
"Bahamas","2014","7","BSD","42.9","0","0","0","0","42.9"
"Bahamas","2012","5","BSD","0","26.4","0","0","0","26.4"
"Bahamas","2010","2.69","BSD","0","31.2","0","0","0","31.2"
"Bahamas","2008","2.69","BSD","0","31.2","0","0","0","31.2"
"Bahrain","2018","2","BHD","0","50","0","14.5","0","64.5"
"Bahrain","2016","1.5","BHD","0","0","0","13.3","0","13.3"
"Bahrain","2014","1","BHD","0","0","0","20","0","20"
"Bahrain","2012","1","BHD","0","0","0","20","0","20"
"Bahrain","2010","0.7","BHD","0","0","0","28.6","0","28.6"
"Bahrain","2008","0.6","BHD","0","0","0","33.3","0","33.3"
"Bangladesh","2018","80","BDT","0","56","15","0","0","71"
"Bangladesh","2016","50","BDT","0","51","15","0","0","66"
"Bangladesh","2014","30","BDT","0","43","15","0","0","58"
"Bangladesh","2012","28","BDT","0","39","15","0","0","54"
"Bangladesh","2010","17","BDT","0","33","15","0","0","48"
"Bangladesh","2008","15","BDT","0","32","15","0","0","47"
"Barbados","2018","14.65","BBD","32.2","0","14.9","0","0","47.1"
"Barbados","2016","15","BBD","25.1","0","14.9","0","0","40"
"Barbados","2014","13.85","BBD","27.1","0","14.9","0","0","42"
"Barbados","2012","11.29","BBD","33.3","0","14.9","0","0","48.2"
"Barbados","2010","11","BBD","34.2","0","13","0","0.6","47.8"
"Barbados","2008","11","BBD","34.2","0","13","0","0.5","47.8"
"Belarus","2018","1.1","BYN","34.2","0","16.7","0","0","50.9"
"Belarus","2016","9600","BYR","31.9","0","16.7","0","0","48.5"
"Belarus","2014","7050","BYR","35.5","0","16.7","0","0","52.1"
"Belarus","2012","3050","BYR","18.9","0","16.7","0","0","35.6"
"Belarus","2010","1150","BYR","11.6","0","16.7","0","0","28.2"
"Belarus","2008","860","BYR","13.6","0","15.3","0","0","28.9"
"Belgium","2018","6.6","EUR","19.6","40","17.4","0","0","77"
"Belgium","2016","6.32","EUR","12.5","45.8","17.4","0","0","75.7"
"Belgium","2014","5.79","EUR","8.1","50.4","17.4","0","0","75.9"
"Belgium","2012","5.26","EUR","6.2","52.5","17.4","0","0","76.1"
"Belgium","2010","4.84","EUR","6.6","52.4","17.4","0","0","76.3"
"Belgium","2008","4.16","EUR","7.7","52.4","17.4","0","0","77.4"
"Belize","2018","4","BZD","32.5","0","11.1","0","0","43.6"
"Belize","2016","5","BZD","26","0","11.1","0","0","37.1"
"Belize","2014","5","BZD","0","0","11.1","0","26","37.1"
"Belize","2012","5","BZD","0","0","11.1","0","26","37.1"
"Belize","2010","5","BZD","48","0","11.1","0","0.1","59.2"
"Belize","2008","5","BZD","48","0","9.1","0","0.1","57.2"
"Benin","2018","500","XOF","0","3.1","1.4","0","0.4","4.9"
"Benin","2016","500","XOF","0","4","1.8","0","0.7","6.4"
"Benin","2014","500","XOF","0","5.4","2.4","0","0.9","8.7"
"Benin","2012","500","XOF","0","5.4","2.4","0","0.9","8.7"
"Benin","2010","500","XOF","0","7.4","3.3","0","1.3","12"
"Benin","2008","500","XOF","0","4.5","2","0","0.8","7.2"
"Bhutan","2018","Not applicable","Not applicable","Not applicable","Not applicable","Not applicable","Not applicable","Not applicable","Not applicable"
"Bhutan","2016","Not applicable","Not applicable","Not applicable","Not applicable","Not applicable","Not applicable","Not applicable","Not applicable"
"Bhutan","2014","Not applicable","Not applicable","Not applicable","Not applicable","Not applicable","Not applicable","Not applicable","Not applicable"
"Bhutan","2012","Not applicable","Not applicable","Not applicable","Not applicable","Not applicable","Not applicable","Not applicable","Not applicable"
"Bhutan","2010","Not applicable","Not applicable","Not applicable","Not applicable","Not applicable","Not applicable","Not applicable","Not applicable"
"Bhutan","2008","Not applicable","Not applicable","Not applicable","Not applicable","Not applicable","Not applicable","Not applicable","Not applicable"
"Bolivia (Plurinational State of)","2018","11.5","BOB","25.3","0","11.5","0","0","36.8"
"Bolivia (Plurinational State of)","2016","11","BOB","0","27.9","11.5","0","0","39.4"
"Bolivia (Plurinational State of)","2014","10","BOB","0","27.9","11.5","0","0","39.4"
"Bolivia (Plurinational State of)","2012","8","BOB","0","27.9","11.5","0","0","39.4"
"Bolivia (Plurinational State of)","2010","6","BOB","0","26.2","11.5","0","0","37.7"
"Bolivia (Plurinational State of)","2008","5.5","BOB","0","29.5","11.5","0","0","41"
"Bosnia and Herzegovina","2018","5.5","BAM","27.3","42","14.5","0","0","83.8"
"Bosnia and Herzegovina","2016","4.5","BAM","26.7","42","14.5","1.1","0","84.3"
"Bosnia and Herzegovina","2014","3.7","BAM","24.3","42","14.5","1.2","0","82.1"
"Bosnia and Herzegovina","2012","2.8","BAM","16.1","42","14.5","2.2","0","74.8"
"Bosnia and Herzegovina","2010","2.3","BAM","13.2","42","14.5","2.4","0","72.2"
"Bosnia and Herzegovina","2008","2","BAM","0","42","14.5","0","0","56.5"
"Botswana","2018","38.95","BWP","31.1","8","10.7","0","0","49.9"
"Botswana","2016","33.33","BWP","29.6","9.4","10.7","0","0","49.7"
"Botswana","2014","27.33","BWP","35.1","9.5","10.7","0","0","55.4"
"Botswana","2012","25","BWP","38.8","0","10.7","0","0","49.5"
"Botswana","2010","18","BWP","46.3","0","9.1","0","0","55.4"
"Botswana","2008","17.5","BWP","33.7","0","9.1","0","0","42.8"
"Brazil","2018","5","BRL","30","10","32","0","11","83"
"Brazil","2016","6.24","BRL","22.4","9.5","25","0","11","67.9"
"Brazil","2014","5.75","BRL","20.9","8.1","25","0","11","64.9"
"Brazil","2012","4.25","BRL","21.2","6","25","0","11","63.1"
"Brazil","2010","3.25","BRL","23.4","0","25","0","11","59.4"
"Brazil","2008","2.4","BRL","25.8","0","25","0","6.4","57.2"
"Brunei Darussalam","2018","Not applicable","Not applicable","Not applicable","Not applicable","Not applicable","Not applicable","Not applicable","Not applicable"
"Brunei Darussalam","2016","Not applicable","Not applicable","Not applicable","Not applicable","Not applicable","Not applicable","Not applicable","Not applicable"
"Brunei Darussalam","2014","Not applicable","Not applicable","Not applicable","Not applicable","Not applicable","Not applicable","Not applicable","Not applicable"
"Brunei Darussalam","2012","7.4","BND","67.6","0","0","0","0","67.6"
"Brunei Darussalam","2010","2.24","BND","53.6","0","0","0","0","53.6"
"Brunei Darussalam","2008","2.24","BND","53.6","0","0","0","0","53.6"
"Bulgaria","2018","5.2","BGN","41.9","25","16.7","0","0","83.6"
"Bulgaria","2016","4.9","BGN","28.6","38","16.7","0","0","83.2"
"Bulgaria","2014","4.7","BGN","43","23","16.7","0","0","82.6"
"Bulgaria","2012","4.6","BGN","43.9","23","16.7","0","0","83.6"
"Bulgaria","2010","4.12","BGN","49","23","16.7","0","0","88.7"
"Bulgaria","2008","2.9","BGN","28.3","40.5","16.7","0","0","85.4"
"Burkina Faso","2018","750","XOF","0","26.3","15.3","0","0","41.6"
"Burkina Faso","2016","650","XOF","0","19.6","15.3","0","0","34.8"
"Burkina Faso","2014","500","XOF","0","16.9","15.3","0","0","32.2"
"Burkina Faso","2012","500","XOF","0","16.9","15.3","0","0","32.2"
"Burkina Faso","2010","500","XOF","0","16.9","15.3","0","0","32.2"
"Burkina Faso","2008","500","XOF","0","15.3","15.3","0","0","30.5"
"Burundi","2018","1600","BIF","27.5","0","15.3","0","0","42.8"
"Burundi","2016","1600","BIF","27.5","0","15.3","0","0","42.8"
"Burundi","2014","1600","BIF","27.5","0","15.3","0","0","42.8"
"Burundi","2012","800","BIF","0","38.4","15.3","0","0","53.7"
"Burundi","2010","800","BIF","0","36.3","15.3","0","4.8","56.3"
"Burundi","2008","600","BIF","0","46.1","7.8","0","5.1","59"
"Cabo Verde","2018","180","CVE","0","2.7","3.2","5.2","0.1","11.2"
"Cabo Verde","2016","180","CVE","0","2.7","3.2","5.2","0.1","11.2"
"Cabo Verde","2014","180","CVE","0","2.7","3.2","5.2","0.1","11.2"
"Cabo Verde","2012","180","CVE","0","2.7","3.2","5.2","0.1","11.2"
"Cabo Verde","2010","180","CVE","0","1.4","3","5.2","0.1","9.7"
"Cabo Verde","2008","180","CVE","0","1.4","3","5.2","0.1","9.7"
"Cambodia","2018","2000","KHR","0","13.4","9.1","0","2.6","25.1"
"Cambodia","2016","2000","KHR","0","13.5","9.1","0","2.6","25.2"
"Cambodia","2014","1800","KHR","0","10.5","9.1","0","2.6","22.2"
"Cambodia","2012","1700","KHR","0","5.4","9.1","0","2.6","17.1"
"Cambodia","2010","0.33","USD","0","5.4","9.1","0","2.6","17.1"
"Cambodia","2008","0.3","USD","0","5.4","9.1","0","2.6","17.1"
"Cameroon","2018","500","XAF","0","7.8","4.6","7.2","1.6","21.3"
"Cameroon","2016","500","XAF","0","7.8","4.6","7.2","1.6","21.3"
"Cameroon","2014","500","XAF","0","6.7","4","6.2","1.3","18.2"
"Cameroon","2012","500","XAF","0","7.3","4.3","6.7","1.5","19.8"
"Cameroon","2010","500","XAF","0","6.9","4.1","6.3","1.4","18.7"
"Cameroon","2008","500","XAF","0","7.4","4.4","6.8","1.5","20"
"Canada","2018","11.81","CAD","55.3","0","9","0","0","64.3"
"Canada","2016","10.29","CAD","57.2","0","9","0","0","66.2"
"Canada","2014","9.25","CAD","60.9","0","8.9","0","0","69.8"
"Canada","2012","8.49","CAD","55.6","0","8.8","0","0","64.5"
"Canada","2010","8.68","CAD","53.3","0","8.9","0","0","62.2"
"Canada","2008","7.86","CAD","58.8","0","5.8","0","0","64.5"
"Central African Republic","2018","550","XAF","10.9","14.6","16","0","0","41.5"
"Central African Republic","2016","Data not available","Data not available","Data not available","Data not available","Data not available","Data not available","0","Data not available"
"Central African Republic","2014","500","XAF","0","16.8","16","0","0","32.8"
"Central African Republic","2012","Data not available","Data not available","Data not available","Data not available","Data not available","Data not available","Data not available","Data not available"
"Central African Republic","2010","312","XOF","0","16.8","16","0","0","32.8"
"Central African Republic","2008","300","XOF","0","16.8","16","0","0","32.8"
"Chad","2018","1000","XAF","0","16.5","15.3","0","2.3","34.1"
"Chad","2016","750","XAF","0","16.4","15.3","0","2.8","34.5"
"Chad","2014","700","XAF","0","13.9","15.3","0","1.6","30.7"
"Chad","2012","500","XAF","0","7.5","15.3","0","2.1","24.8"
"Chad","2010","500","XAF","0","7.5","15.3","0","2.1","24.8"
"Chad","2008","500","XAF","0","7.5","15.3","0","2.1","24.8"
"Chile","2018","2700","CLP","36.4","30","16","0","0","82.4"
"Chile","2016","2178","CLP","43.2","30","16","0","0","89.1"
"Chile","2014","1701","CLP","6.4","60.5","16","0","0","82.9"
"Chile","2012","1635","CLP","3.3","62.3","16","0","0","81.5"
"Chile","2010","1188","CLP","0","60.4","16","0","0","76.4"
"Chile","2008","1074","CLP","0","60.4","16","0","0","76.4"
"China","2018","14.07","CNY","1.1","34.9","13.8","0","5.9","55.7"
"China","2016","12.84","CNY","1.2","33.9","14.5","0","5.9","55.6"
"China","2014","11.61","CNY","0.5","31.1","14.5","0","5.4","51.6"
"China","2012","10.57","CNY","0.6","29.5","14.5","0","5.3","49.8"
"China","2010","7.57","CNY","0.8","29.3","14.5","0","4.4","49"
"China","2008","6.44","CNY","0.9","21.4","14.5","0","3.6","40.5"
"Colombia","2018","4003","COP","52.5","10","16","0","0","78.4"
"Colombia","2016","2726","COP","25.7","10","13.8","0","0","49.5"
"Colombia","2014","2479","COP","25.6","10","13.8","0","0","49.4"
"Colombia","2012","2269","COP","26.8","10","13.8","0","0","50.6"
"Colombia","2010","1880","COP","30.3","10","9.6","0","0","49.9"
"Colombia","2008","1769","COP","23.8","0","10.5","0","0","34.3"
"Comoros","2018","750","KMF","0","25.2","9.1","2.1","0.9","37.3"
"Comoros","2016","750","KMF","0","25.2","9.1","2.1","0.9","37.3"
"Comoros","2014","500","KMF","0","37.7","9.1","3.1","1.4","51.4"
"Comoros","2012","500","KMF","0","37.7","9.1","3.1","1.4","51.4"
"Comoros","2010","500","KMF","0","37.7","9.1","3.1","1.4","51.3"
"Comoros","2008","500","KMF","0","28.3","9.1","3.1","1.4","41.9"
"Congo","2018","650","XAF","6.2","15.1","15.9","0","0","37.1"
"Congo","2016","650","XAF","6.2","15.1","15.9","0","0","37.1"
"Congo","2014","600","XAF","6.7","15","15.9","0","0","37.6"
"Congo","2012","500","XAF","0","16.3","15.9","0","0","32.2"
"Congo","2010","500","XAF","0","16.3","15.9","0","0","32.2"
"Congo","2008","500","XAF","0","16.3","15.9","0","0","32.2"
"Cook Islands","2018","24","NZD","60.4","0","9.9","0","0","70.3"
"Cook Islands","2016","21.7","NZD","63.6","0","10.4","0","0","74"
"Cook Islands","2014","19","NZD","52","0","8.8","0","0","60.8"
"Cook Islands","2012","12","NZD","62","0","9.1","0","0","71.1"
"Cook Islands","2010","8.2","NZD","39.5","0","6.8","0","0","46.3"
"Cook Islands","2008","8.2","NZD","39.5","0","6.6","0","0","46.1"
"Costa Rica","2018","1900","CRC","24.6","20.2","8.7","0","1.6","55.1"
"Costa Rica","2016","1700","CRC","26.6","19.6","8.4","0","1.6","56.2"
"Costa Rica","2014","1600","CRC","27.4","19.3","8.4","0","1.6","56.6"
"Costa Rica","2012","1300","CRC","30.8","18.3","8","0","1.5","58.5"
"Costa Rica","2010","800","CRC","0","27.9","11.5","0","2.2","41.6"
"Costa Rica","2008","750","CRC","0","27.9","11.5","0","2.2","41.6"
"Côte d'Ivoire","2018","700","XOF","0","15.9","15.3","0","2.1","33.3"
"Côte d'Ivoire","2016","700","XOF","0","15.9","13","0","2.1","31"
"Côte d'Ivoire","2014","700","XOF","0","13.4","10.9","0","1.8","26.1"
"Côte d'Ivoire","2012","700","XOF","0","12.7","10.8","0","1.8","25.3"
"Côte d'Ivoire","2010","700","XOF","0","12.7","10.8","0","1.8","25.3"
"Côte d'Ivoire","2008","700","XOF","0","12.7","10.8","0","1.8","25.3"
"Croatia","2018","25","HRK","24.8","34","20","0","0","78.8"
"Croatia","2016","24","HRK","19.2","38","20","0","0","77.2"
"Croatia","2014","23","HRK","18.3","37","20","0","0","75.3"
"Croatia","2012","20","HRK","18","33","20","0","0","71"
"Croatia","2010","18","HRK","20","33","18.7","0","0","71.7"
"Croatia","2008","15","HRK","42.7","0","18","0","0","60.7"
"Cuba","2018","12.5","CUP","0","70","0","0","0.2","70.2"
"Cuba","2016","7","CUP","0","70","0","0","0.4","70.4"
"Cuba","2014","7","CUP","0","70","0","0","0","70"
"Cuba","2012","7","CUP","77.9","0","0","0","0","77.9"
"Cuba","2010","Data not available","Data not available","Data not available","Data not available","Data not available","Data not available","Data not available","Data not available"
"Cuba","2008","7","CUP","75","0","0","0","0","75"
"Cyprus","2018","4.5","EUR","24.4","34","16","0","0","74.4"
"Cyprus","2016","4.2","EUR","26.2","34","17.4","0","0","77.6"
"Cyprus","2014","4","EUR","27.5","34","16","0","0","77.5"
"Cyprus","2012","3.75","EUR","21.3","40","14.5","0","0","75.9"
"Cyprus","2010","2.82","EUR","14.5","44.5","13","0","0","72.1"
"Cyprus","2008","2.82","EUR","14.5","44.5","13","0","0","72.1"
"Czechia","2018","94","CZK","31.1","27","17.4","0","0","75.4"
"Czechia","2016","84","CZK","33.1","27","17.4","0","0","77.5"
"Czechia","2014","72","CZK","33.1","27","17.4","0","0","77.4"
"Czechia","2012","68","CZK","32.9","28","16.7","0","0","77.6"
"Czechia","2010","63","CZK","34","28","16.7","0","0","78.6"
"Czechia","2008","53","CZK","38.9","28","16","0","0","82.8"
"Democratic People's Republic of Korea","2018","229","KPW","0","0","0","0","0","0"
"Democratic People's Republic of Korea","2016","216.46","KPW","0","0","0","0","0","0"
"Democratic People's Republic of Korea","2014","197.1","KPW","0","0","0","0","0","0"
"Democratic People's Republic of Korea","2012","Data not available","Data not available","Data not available","Data not available","Data not available","Data not available","Data not available","Data not available"
"Democratic People's Republic of Korea","2010","Data not available","Data not available","Data not available","Data not available","Data not available","Data not available","Data not available","Data not available"
"Democratic People's Republic of Korea","2008","20","KPW","Data not available","Data not available","Data not available","Data not available","Data not available","Data not available"
"Democratic Republic of the Congo","2018","1250","CDF","0","18.7","13.8","6.2","0","38.7"
"Democratic Republic of the Congo","2016","1060","CDF","10.3","4.8","13.8","4.8","0","33.8"
"Democratic Republic of the Congo","2014","750","CDF","13.6","10.2","13.8","10.2","0","47.8"
"Democratic Republic of the Congo","2012","750","CDF","13.5","12.1","13.8","0","0","39.4"
"Democratic Republic of the Congo","2010","700","CDF","14.1","14.3","0","0","0","28.5"
"Democratic Republic of the Congo","2008","600","CDF","14.7","14.2","0","0","0","28.9"
"Denmark","2018","44.5","DKK","53.1","1","20","0","0","74.1"
"Denmark","2016","44","DKK","53.8","1","20","0","0","74.8"
"Denmark","2014","44","DKK","53.8","1","20","0","0","74.8"
"Denmark","2012","40","DKK","58.3","1","20","0","0","79.3"
"Denmark","2010","37","DKK","34","20.8","20","0","0","74.8"
"Denmark","2008","32","DKK","39.8","13.6","20","0","0","73.4"
"Djibouti","2018","Data not available","Data not available","Data not available","Data not available","Data not available","Data not available","Data not available","Data not available"
"Djibouti","2016","200","DJF","0","26.3","2.3","0","0","28.6"
"Djibouti","2014","200","DJF","0","26.3","2.3","0","0","28.6"
"Djibouti","2012","200","DJF","0","26.3","2.3","0","0","28.6"
"Djibouti","2010","200","DJF","0","25.5","0","0","0","25.5"
"Djibouti","2008","180","DJF","0","24.1","0","0","0","24.1"
"Dominica","2018","4.6","XCD","10.5","0","13","0","0","23.6"
"Dominica","2016","4.3","XCD","11.3","0","13","0","0","24.3"
"Dominica","2014","4.25","XCD","10.4","0","13","0","0","23.4"
"Dominica","2012","4.25","XCD","10.4","0","13","0","0","23.4"
"Dominica","2010","3.5","XCD","12.6","0","13","0","0","25.6"
"Dominica","2008","3.5","XCD","12.6","0","13","0","0","25.6"
"Dominican Republic","2018","200","DOP","26.1","9.8","15.3","0","0","51.1"
"Dominican Republic","2016","150","DOP","33.4","8.6","15.3","0","0","57.2"
"Dominican Republic","2014","150","DOP","26.7","16.9","15.3","0","0","58.9"
"Dominican Republic","2012","130","DOP","27.6","17.2","13.8","0","0","58.6"
"Dominican Republic","2010","120","DOP","26.1","17.2","13.8","0","0","57.1"
"Dominican Republic","2008","100","DOP","26","17.2","13.8","0","0","57"
"Ecuador","2018","5.4","USD","59.3","0","10.7","0","0","70"
"Ecuador","2016","5.2","USD","61.5","0","12.3","0","0","73.8"
"Ecuador","2014","3.1","USD","59.7","0","10.7","0","0","70.4"
"Ecuador","2012","2.6","USD","62.3","0","10.7","0","0","73"
"Ecuador","2010","1.7","USD","0","53.6","10.7","0","0","64.3"
"Ecuador","2008","1.7","USD","0","53.6","10.7","0","0","64.3"
"Egypt","2018","16","EGP","27.2","50","0","0","0","77.2"
"Egypt","2016","10","EGP","23.5","50","0","0","0","73.5"
"Egypt","2014","8","EGP","23.1","50","0","0","0","73.1"
"Egypt","2012","6","EGP","22.5","50","0","0","0","72.5"
"Egypt","2010","4","EGP","33.8","40","0","0","0","73.8"
"Egypt","2008","2.75","EGP","59.3","0","0","0","0","59.3"
"El Salvador","2018","2.89","USD","15.6","20.5","11.5","0","0","47.5"
"El Salvador","2016","2","USD","22.5","18.5","11.5","0","0","52.5"
"El Salvador","2014","2","USD","22.5","18.5","11.5","0","0","52.5"
"El Salvador","2012","1.95","USD","23.1","18.4","11.5","0","0","52.9"
"El Salvador","2010","1.75","USD","25.7","17.6","11.5","0","0","54.8"
"El Salvador","2008","1.4","USD","7.1","22.8","11.5","0","0","41.5"
"Equatorial Guinea","2018","500","XAF","0","8.4","6.5","10.1","0.3","25.3"
"Equatorial Guinea","2016","500","XAF","0","10","7.8","12","0.4","30.3"
"Equatorial Guinea","2014","500","XAF","0","10.3","8","12.4","0.4","31.1"
"Equatorial Guinea","2012","500","XAF","0","9.3","7.3","11.2","0.4","28.2"
"Equatorial Guinea","2010","500","XAF","0","7.3","5.7","8.8","0.3","22"
"Equatorial Guinea","2008","500","XAF","0","6.9","5.4","8.3","0.3","21"
"Eritrea","2018","100","ERN","0","44.6","10.7","0","0","55.4"
"Eritrea","2016","100","ERN","0","44.6","10.7","0","0","55.4"
"Eritrea","2014","60","ERN","0","44.6","10.7","0","0","55.4"
"Eritrea","2012","40","ERN","0","44.6","10.7","0","0","55.4"
"Eritrea","2010","30","ERN","0","44.6","10.7","0","0","55.4"
"Eritrea","2008","25","ERN","0","44.6","10.7","0","0","55.4"
"Estonia","2018","4.25","EUR","32.7","30","16.7","0","0","79.4"
"Estonia","2016","3.8","EUR","30.5","30","16.7","0","0","77.2"
"Estonia","2014","3.5","EUR","26.6","34","16.7","0","0","77.2"
"Estonia","2012","3.1","EUR","27.2","33","16.7","0","0","76.9"
"Estonia","2010","31.91","EEK","32.9","33","16.7","0","0","82.6"
"Estonia","2008","32.18","EEK","31.1","31","15.3","0","0","77.3"
"Eswatini","2018","38.4","SZL","40.4","0","12.3","0","0","52.7"
"Eswatini","2016","36","SZL","36.8","0","12.3","0","0","49.1"
"Eswatini","2014","35","SZL","33.1","0","12.3","0","0","45.4"
"Eswatini","2012","Data not available","Data not available","Data not available","Data not available","Data not available","Data not available","Data not available","Data not available"
"Eswatini","2010","27.5","SZL","32.5","0","12.3","0","0","44.8"
"Eswatini","2008","27.5","SZL","24.8","0","12.3","0","0","37.1"
"Ethiopia","2018","15","ETB","0","13.9","4.9","0","0","18.8"
"Ethiopia","2016","15","ETB","0","13.9","4.9","0","0","18.8"
"Ethiopia","2014","15","ETB","0","13.9","4.9","0","0","18.8"
"Ethiopia","2012","8","ETB","0","25.4","8.9","0","0","34.3"
"Ethiopia","2010","7","ETB","0","29.1","10.2","0","0","39.2"
"Ethiopia","2008","4.35","ETB","0","18.6","6.5","0","0","25.1"
"Fiji","2018","14.2","FJD","33.8","0","8.3","0","0","42.1"
"Fiji","2016","12","FJD","30.3","0","8.3","0","0","38.5"
"Fiji","2014","7.8","FJD","31","0","13","0","0","44.1"
"Fiji","2012","7.2","FJD","27.8","0","13","0","0","40.8"
"Fiji","2010","Data not available","Data not available","Data not available","Data not available","Data not available","Data not available","Data not available","Data not available"
"Fiji","2008","4.6","FJD","38.5","0","11.1","0","0","49.6"
"Finland","2018","7.22","EUR","16.1","52","19.4","0","0","87.4"
"Finland","2016","6.12","EUR","13.6","52","19.4","0","0","84.9"
"Finland","2014","5.47","EUR","10.2","52","19.4","0","0","81.6"
"Finland","2012","4.89","EUR","9.2","52","18.7","0","0","79.9"
"Finland","2010","4.32","EUR","8.1","52","18.7","0","0","78.8"
"Finland","2008","4.07","EUR","7.4","52","18","0","0","77.5"
"France","2018","8","EUR","15","50.8","16.7","0","0","82.4"
"France","2016","7","EUR","13.9","49.7","16.7","0","0","80.3"
"France","2014","7","EUR","13.9","49.7","16.7","0","0","80.3"
"France","2012","6.2","EUR","8.9","54.6","16.4","0","0","79.9"
"France","2010","5.6","EUR","6","58","16.4","0","0","80.4"
"France","2008","5.3","EUR","6","58","16.4","0","0","80.4"
"Gabon","2018","1000","XAF","0","10.5","4.8","7.5","0.4","23.1"
"Gabon","2016","1000","XAF","0","11.6","5","8.4","0.4","25.4"
"Gabon","2014","1000","XAF","0","7.8","4.7","7.8","0.4","20.6"
"Gabon","2012","1000","XAF","0","7.8","4.7","7.8","0.4","20.6"
"Gabon","2010","1000","XAF","0","8.6","4","6.6","0.3","19.6"
"Gabon","2008","1000","XAF","0","7.7","3.5","5.9","0.3","17.4"
"Gambia","2018","60","GMD","33.3","0","6.6","1.7","4.7","46.3"
"Gambia","2016","40","GMD","37.5","0","7.8","2.4","6.4","54.1"
"Gambia","2014","30","GMD","30","0","6.6","2.3","7","45.8"
"Gambia","2012","15","GMD","22","0","8.5","5.7","1.9","38.1"
"Gambia","2010","10","GMD","30","0","13.3","9.8","3","56.1"
"Gambia","2008","10","GMD","30","0","11.7","8","2.8","52.4"
"Georgia","2018","3.7","GEL","45.9","10","15.3","0","0","71.2"
"Georgia","2016","2.5","GEL","44","10","15.3","0","0","69.3"
"Georgia","2014","2.2","GEL","34.1","0","15.3","0","0","49.3"
"Georgia","2012","1.9","GEL","31.6","0","15.3","0","0","46.8"
"Georgia","2010","1.8","GEL","33.3","0","15.3","0","0","48.6"
"Georgia","2008","1.8","GEL","33.3","0","15.3","0","0","48.6"
"Germany","2018","6.4","EUR","30.7","21.7","16","0","0","68.3"
"Germany","2016","6","EUR","32.7","21.7","16","0","0","70.4"
"Germany","2014","5.47","EUR","35.2","21.7","16","0","0","72.9"
"Germany","2012","5.26","EUR","35.2","21.9","16","0","0","73"
"Germany","2010","4.95","EUR","33.4","24.7","16","0","0","74.1"
"Germany","2008","4.71","EUR","35.1","24.7","16","0","0","75.8"
"Ghana","2018","4.99","GHS","0","16.1","14.9","0","0.3","31.3"
"Ghana","2016","4.99","GHS","0","13","14.9","0","0.2","28.1"
"Ghana","2014","2.5","GHS","0","13.2","14.9","0","0.2","28.3"
"Ghana","2012","2","GHS","0","9.7","13","0","0.2","22.9"
"Ghana","2010","2","GHS","0","9","13","0","0.2","22.2"
"Ghana","2008","1.5","GHS","13.3","0","13","0","0.5","26.9"
"Greece","2018","4.6","EUR","35.9","26","19.4","0","0","81.2"
"Greece","2016","4","EUR","41.3","20","19.4","0","0","80.6"
"Greece","2014","4","EUR","41.3","20","18.7","0","0","80"
"Greece","2012","3.7","EUR","11","52.5","18.7","0","0","82.2"
"Greece","2010","3.2","EUR","8.6","58.4","18.7","0","0","85.7"
"Greece","2008","3","EUR","3.7","53.8","16","0","0","73.5"
"Grenada","2018","8.9","XCD","0","29.4","13","0","1.6","44"
"Grenada","2016","8.6","XCD","0","31.8","13","0","1.9","46.7"
"Grenada","2014","7.5","XCD","0","32.8","13","0","2","47.8"
"Grenada","2012","Data not available","Data not available","Data not available","Data not available","Data not available","Data not available","Data not available","Data not available"
"Grenada","2010","7.5","XCD","0","34.7","13","0","1.7","49.5"
"Grenada","2008","6","XCD","0","0","0","40.5","0","40.5"
"Guatemala","2018","20","GTQ","0","38.3","10.7","0","0","49"
"Guatemala","2016","16.5","GTQ","0","38.3","10.7","0","0","49"
"Guatemala","2014","16","GTQ","0","38.3","10.7","0","0","49"
"Guatemala","2012","14","GTQ","0","38.3","10.7","0","0","49"
"Guatemala","2010","13.59","GTQ","0","41.1","10.7","0","0","51.8"
"Guatemala","2008","10","GTQ","0","41.1","10.7","0","0","51.8"
"Guinea","2018","Data not available","Data not available","Data not available","Data not available","Data not available","Data not available","Data not available","Data not available"
"Guinea","2016","3500","GNF","0","3.9","6.3","5.2","0.7","16.1"
"Guinea","2014","Data not available","Data not available","Data not available","Data not available","Data not available","Data not available","Data not available","Data not available"
"Guinea","2012","3000","GNF","0","2.7","4","3.6","0.5","10.8"
"Guinea","2010","2000","GNF","0","3.3","4.8","4.4","0.6","13.1"
"Guinea","2008","2000","GNF","0","2.5","3.7","3.3","0.5","10"
"Guinea-Bissau","2018","500","XOF","0","3.5","1.9","1.3","0.1","6.8"
"Guinea-Bissau","2016","500","XOF","0","3.5","1.9","1.3","0.1","6.8"
"Guinea-Bissau","2014","300","XOF","0","3.2","2.4","2.1","0.2","7.8"
"Guinea-Bissau","2012","300","XOF","0","2.3","1.7","1.5","0.2","5.6"
"Guinea-Bissau","2010","300","XOF","0","2.3","1.7","1.5","0.2","5.6"
"Guinea-Bissau","2008","300","XOF","0","2.3","1.7","1.5","0.2","5.6"
"Guyana","2018","380","GYD","13.2","0","12.3","0","2.1","27.5"
"Guyana","2016","350","GYD","0","10.9","13.8","0","0","24.7"
"Guyana","2014","300","GYD","0","11.4","13.8","0","0","25.2"
"Guyana","2012","300","GYD","0","11.4","13.8","0","0","25.2"
"Guyana","2010","300","GYD","0","11.4","13.8","0","0","25.2"
"Guyana","2008","240","GYD","0","14.3","13.8","0","0","28"
"Haiti","2018","Data not available","Data not available","Data not available","Data not available","Data not available","Data not available","Data not available","Data not available"
"Haiti","2016","84","HTG","0","8.3","9.1","0","13.8","31.1"
"Haiti","2014","Data not available","Data not available","Data not available","Data not available","Data not available","Data not available","Data not available","Data not available"
"Haiti","2012","Data not available","Data not available","Data not available","Data not available","Data not available","Data not available","Data not available","Data not available"
"Haiti","2010","Data not available","Data not available","Data not available","Data not available","Data not available","Data not available","Data not available","Data not available"
"Haiti","2008","Data not available","Not applicable","Data not available","Data not available","Data not available","Data not available","Data not available","Data not available"
"Honduras","2018","50","HNL","18.1","0","15.3","0","0","33.4"
"Honduras","2016","44","HNL","19.1","0","15.3","0","0","34.3"
"Honduras","2014","36","HNL","21.5","0","15.3","0","0","36.8"
"Honduras","2012","33.35","HNL","21","0","13","0","0","34"
"Honduras","2010","27","HNL","25.9","0","13","0","0","39"
"Honduras","2008","18","HNL","0","32.2","13","0","0","45.2"
"Hungary","2018","1245","HUF","26","25","21.3","0","0","72.3"
"Hungary","2016","1152.01","HUF","27.3","25","21.3","0","0","73.5"
"Hungary","2014","1000","HUF","25","31","21.3","0","0","77.3"
"Hungary","2012","757.89","HUF","31.4","31","21.3","0","0","83.7"
"Hungary","2010","610.53","HUF","30.6","28.3","20","0","0","78.9"
"Hungary","2008","568.42","HUF","29.1","28.3","16.7","0","0","74.1"
"Iceland","2018","1359","ISK","36.1","0","19.4","0","0","55.5"
"Iceland","2016","1271","ISK","36.2","0","19.4","0","0","55.5"
"Iceland","2014","1219","ISK","36.1","0","20.3","0","0","56.4"
"Iceland","2012","998","ISK","36.6","0","20.3","0","0","57"
"Iceland","2010","900","ISK","36.1","0","20.3","0","0","56.4"
"Iceland","2008","665","ISK","38.6","0","19.7","0","0","58.3"
"India","2018","190","INR","28.9","2.3","21.9","0","0.9","54"
"India","2016","158","INR","36.1","0","16.7","0","0","52.7"
"India","2014","138","INR","23.9","0","16.7","0","0.7","41.3"
"India","2012","98","INR","24.4","0","16.7","0","0.7","41.8"
"India","2010","70","INR","27.7","0","16.7","0","0.8","45.2"
"India","2008","58","INR","28.2","0","16.7","0","0.8","45.8"
"Indonesia","2018","26250","IDR","49.4","0","9.1","0","0","58.5"
"Indonesia","2016","21666.67","IDR","48.7","0","8.7","0","0","57.4"
"Indonesia","2014","18333.33","IDR","45","0","8.4","0","0","53.4"
"Indonesia","2012","16666.67","IDR","42.6","0","8.4","0","0","51"
"Indonesia","2010","13125","IDR","45.7","0","8.4","0","0","54.1"
"Indonesia","2008","12500","IDR","5.6","38.6","8.4","0","0","52.6"
"Iran (Islamic Republic of)","2018","45000","IRR","3.3","7.8","7.5","0","3.1","21.7"
"Iran (Islamic Republic of)","2016","18000","IRR","11.1","0","7.3","0","16.4","34.8"
"Iran (Islamic Republic of)","2014","15000","IRR","0","0","3.2","0","8.1","11.3"
"Iran (Islamic Republic of)","2012","12000","IRR","0","0","2.2","0","0.5","2.7"
"Iran (Islamic Republic of)","2010","4739","IRR","0","0","2.2","0","0.5","2.7"
"Iran (Islamic Republic of)","2008","4739","IRR","0","0","2.2","0","0.5","2.7"
"Iraq","2018","500","IQD","0","0","0","7.6","0","7.6"
"Iraq","2016","500","IQD","0","0","0","6.3","0","6.3"
"Iraq","2014","500","IQD","0","0","0","6.3","0","6.3"
"Iraq","2012","500","IQD","0","0","0","1.3","0","1.3"
"Iraq","2010","500","IQD","0","0","0","1.3","0","1.3"
"Iraq","2008","500","IQD","0","0","0","1.3","0","1.3"
"Ireland","2018","12.2","EUR","50.7","9","18.7","0","0","78.4"
"Ireland","2016","10.8","EUR","50.4","9.2","18.7","0","0","78.3"
"Ireland","2014","9.6","EUR","50.4","8.7","18.7","0","0","77.8"
"Ireland","2012","9.1","EUR","51.2","9","18.7","0","0","79"
"Ireland","2010","8.55","EUR","42.9","18.3","17.4","0","0","78.5"
"Ireland","2008","8.05","EUR","43.6","18.3","17.7","0","0","79.5"
"Israel","2018","36","ILS","21.9","39.4","14.5","0","0","75.9"
"Israel","2016","35.6","ILS","22.2","39.4","14.5","0","0","76.2"
"Israel","2014","30","ILS","26.6","39.4","15.3","0","0","81.3"
"Israel","2012","23","ILS","23.9","39.4","13.8","0","0","77.1"
"Israel","2010","21","ILS","20.4","38.1","13.8","0","0","72.3"
"Israel","2008","19","ILS","5","53.7","13.4","0","0","72.1"
"Italy","2018","5.5","EUR","7","51","18","0","0","76"
"Italy","2016","5.2","EUR","6.9","51","18","0","0","75.9"
"Italy","2014","5","EUR","5.2","52.4","18","0","0","75.7"
"Italy","2012","5","EUR","3.6","54.3","17.4","0","0","75.2"
"Italy","2010","3.7","EUR","3.8","54.7","16.7","0","0","75.2"
"Italy","2008","3.6","EUR","3.8","54.7","16.7","0","0","75.2"
"Jamaica","2018","1223","JMD","27.8","0","14.2","0","1.7","43.6"
"Jamaica","2016","990.3","JMD","28.3","0","14.2","0","2","44.5"
"Jamaica","2014","800","JMD","26.3","0","14.2","0","2.5","42.9"
"Jamaica","2012","660","JMD","31.8","0","14.2","0","0.1","46.1"
"Jamaica","2010","580","JMD","36.2","0","14.9","0","0.1","51.2"
"Jamaica","2008","404.95","JMD","29.6","0","14.2","0","0.1","43.9"
"Japan","2018","440","JPY","55.7","0","7.4","0","0","63.1"
"Japan","2016","440","JPY","55.7","0","7.4","0","0","63.1"
"Japan","2014","430","JPY","56.9","0","7.4","0","0","64.4"
"Japan","2012","410","JPY","59.7","0","4.8","0","0","64.5"
"Japan","2010","300","JPY","58.3","0","4.8","0","0","63.1"
"Japan","2008","300","JPY","58.3","0","4.8","0","0","63.1"
"Jordan","2018","2","JOD","66.8","0","13.8","0","0","80.5"
"Jordan","2016","1.3","JOD","69.1","0","13.8","0","0","82.9"
"Jordan","2014","1.2","JOD","69.5","0","13.8","0","0","83.3"
"Jordan","2012","1.1","JOD","29.1","33.6","13.8","0","0","76.5"
"Jordan","2010","0.95","JOD","33.7","32.1","13.8","0","0","79.6"
"Jordan","2008","0.85","JOD","35.3","25.8","13.8","0","2.4","77.2"
"Kazakhstan","2018","360","KZT","41.7","0","10.7","0","0","52.4"
"Kazakhstan","2016","290","KZT","34.5","0","10.7","0","0","45.2"
"Kazakhstan","2014","210","KZT","28.6","0","10.7","0","0","39.3"
"Kazakhstan","2012","130","KZT","19.2","0","10.7","0","0","29.9"
"Kazakhstan","2010","100","KZT","16","0","10.7","0","0","26.7"
"Kazakhstan","2008","90","KZT","8.9","0","10.7","0","0","19.6"
"Kenya","2018","130","KES","38.5","0","13.8","0","0","52.3"
"Kenya","2016","130","KES","38.5","0","13.8","0","0","52.3"
"Kenya","2014","100","KES","0","35","13.8","0","0","48.8"
"Kenya","2012","90","KES","0","35","13.8","0","0","48.8"
"Kenya","2010","100","KES","50","0","13.8","0","0","63.8"
"Kenya","2008","80","KES","62.5","0","13.8","0","0","76.3"
"Kiribati","2018","6","AUD","35","0","6.7","0","0","41.7"
"Kiribati","2016","6","AUD","35","0","7","0","0","42"
"Kiribati","2014","4.8","AUD","43.8","0","5.5","0","0","49.2"
"Kiribati","2012","4.8","AUD","0","0","0","52.1","0","52.1"
"Kiribati","2010","6.4","AUD","0","0","0","62.5","0","62.5"
"Kiribati","2008","6.4","AUD","0","0","0","50","0","50"
"Kuwait","2018","0.85","KWD","0","0","0","21.2","0","21.2"
"Kuwait","2016","0.75","KWD","0","0","0","24.7","0","24.7"
"Kuwait","2014","0.75","KWD","0","0","0","23.7","0","23.7"
"Kuwait","2012","0.65","KWD","0","0","0","28.8","0","28.8"
"Kuwait","2010","0.47","KWD","0","0","0","36","0","36"
"Kuwait","2008","0.47","KWD","0","0","0","36","0","36"
"Kyrgyzstan","2018","66","KGS","37.9","0","10.7","0","0","48.6"
"Kyrgyzstan","2016","55","KGS","27.3","0","10.7","0","1","39"
"Kyrgyzstan","2014","35","KGS","16","8","10.7","3.8","0","38.5"
"Kyrgyzstan","2012","24","KGS","8.3","7.5","10.7","5.1","0","31.6"
"Kyrgyzstan","2010","23","KGS","7.9","0","10.7","6.9","0","25.5"
"Kyrgyzstan","2008","22","KGS","15.5","0","16.7","5.9","0","38"
"Lao People's Democratic Republic","2018","7000","LAK","7.1","2.6","9.1","0","0","18.8"
"Lao People's Democratic Republic","2016","7000","LAK","7.1","1.6","9.1","0","0.5","18.4"
"Lao People's Democratic Republic","2014","8000","LAK","6.3","1.4","9.1","0","0.5","17.3"
"Lao People's Democratic Republic","2012","6000","LAK","8.3","1.9","9.1","0","0.6","20"
"Lao People's Democratic Republic","2010","5000","LAK","2","2.3","9.1","0","0.8","14.1"
"Lao People's Democratic Republic","2008","5000","LAK","0","2.3","9.1","0","0.8","12.1"
"Latvia","2018","3.5","EUR","42.6","20","17.4","0","0","80"
"Latvia","2016","3","EUR","37.5","25","17.4","0","0","79.8"
"Latvia","2014","3","EUR","34.5","25","17.4","0","0","76.9"
"Latvia","2012","1.8","LVL","27.8","34","17.4","0","0","79.1"
"Latvia","2010","1.52","LVL","29.6","34.5","17.4","0","0","81.5"
"Latvia","2008","1.48","LVL","24.1","32.2","15.3","0","0","71.5"
"Lebanon","2018","3500","LBP","7.1","28.7","8.4","1.3","0","45.6"
"Lebanon","2016","3250","LBP","0","30.9","9","1.4","0","41.4"
"Lebanon","2014","3250","LBP","0","32.6","9.1","1.5","0","43.2"
"Lebanon","2012","2750","LBP","0","32.8","9.1","1.5","0","43.4"
"Lebanon","2010","2250","LBP","0","36.6","9.1","1.7","0","47.4"
"Lebanon","2008","2000","LBP","0","33.4","9.1","1.5","0","44"
"Lesotho","2018","41","LSL","37.9","0","13","0","0","50.9"
"Lesotho","2016","Data not available","Data not available","Data not available","Data not available","Data not available","Data not available","Data not available","Data not available"
"Lesotho","2014","34.99","LSL","33.2","0","13","0","0","46.2"
"Lesotho","2012","32","LSL","32.3","0","13","0","0","45.3"
"Lesotho","2010","28","LSL","31.9","0","13","0","0","45"
"Lesotho","2008","22","LSL","15.5","0","13","0","0","28.5"
"Liberia","2018","120","LRD","0","24.1","9.1","1.4","0.1","34.8"
"Liberia","2016","60","LRD","0","14.6","6.5","2","0.2","23.3"
"Liberia","2014","60","LRD","0","14.3","6.5","1.9","0.2","23"
"Liberia","2012","65","LRD","0","11.8","6.5","1.6","0.2","20.1"
"Liberia","2010","50","LRD","0","10.7","6.5","2","0.2","19.4"
"Liberia","2008","50","LRD","0","3.7","6.5","1.6","0.2","12"
"Libya","2018","2.5","LYD","0","0","1","2.8","8.8","12.6"
"Libya","2016","2","LYD","0","0","1","3.8","11","15.8"
"Libya","2014","3","LYD","0","0","1","0","7.3","8.4"
"Libya","2012","1.5","LYD","0","0","1","0","14.7","15.7"
"Libya","2010","1","LYD","0","0","1","0","22","23"
"Libya","2008","1","LYD","0","0","2","0","22","24"
"Lithuania","2018","3.75","EUR","31.5","25","17.4","0","0","73.8"
"Lithuania","2016","3.1","EUR","32.7","25","17.4","0","0","75.1"
"Lithuania","2014","9.4","LTL","33.4","25","17.4","0","0","75.8"
"Lithuania","2012","8.5","LTL","32.9","25","17.4","0","0","75.3"
"Lithuania","2010","7.6","LTL","34.7","25","17.4","0","0","77.1"
"Lithuania","2008","5","LTL","31.6","20","16","0","0","67.6"
"Luxembourg","2018","5.3","EUR","7.1","46.7","14.5","0","0","68.3"
"Luxembourg","2016","5.2","EUR","7.1","46.7","17","0","0","70.7"
"Luxembourg","2014","5","EUR","7.1","48.1","15","0","0","70.2"
"Luxembourg","2012","4.6","EUR","7.5","48.1","15","0","0","70.6"
"Luxembourg","2010","3.68","EUR","9.2","47.8","13","0","0","70.1"
"Luxembourg","2008","3.2","EUR","9.6","47.4","13","0","0","70.1"
"Madagascar","2018","4000","MGA","0","63.6","16.7","0","0.2","80.4"
"Madagascar","2016","4000","MGA","0","63.6","16.7","0","0.2","80.4"
"Madagascar","2014","3000","MGA","0","63.6","16.7","0","0.2","80.4"
"Madagascar","2012","2000","MGA","0","59.3","16.7","0","0.3","76.3"
"Madagascar","2010","2000","MGA","0","59.3","16.7","0","0.3","76.3"
"Madagascar","2008","1400","MGA","0","49.8","16.7","0","0.4","66.9"
"Malawi","2018","Data not available","Data not available","Data not available","Data not available","Data not available","Data not available","Data not available","Data not available"
"Malawi","2016","Data not available","Data not available","Data not available","Data not available","Data not available","Data not available","Data not available","Data not available"
"Malawi","2014","800","MWK","14.5","0","4.1","2.1","0","20.7"
"Malawi","2012","500","MWK","20","0","4.3","1.3","0","25.6"
"Malawi","2010","Data not available","Data not available","Data not available","Data not available","Data not available","Data not available","Data not available","Data not available"
"Malawi","2008","150","MWK","37.3","0","8.8","3.1","0","49.2"
"Malaysia","2018","17","MYR","47.1","0","5.7","5.9","0","58.6"
"Malaysia","2016","17","MYR","47.1","0","5.7","0","0","52.7"
"Malaysia","2014","12","MYR","41.7","8.9","4.8","0","0","55.4"
"Malaysia","2012","10","MYR","44","8.5","4.8","0","0","57.3"
"Malaysia","2010","10","MYR","38","9.5","4.8","0","0","52.3"
"Malaysia","2008","9","MYR","40","9.2","4.8","0","0","54"
"Maldives","2018","68","MVR","0","0","5.7","63.1","0","68.7"
"Maldives","2016","47","MVR","0","0","0","53.2","0","53.2"
"Maldives","2014","38","MVR","0","0","0","65.8","0","65.8"
"Maldives","2012","37","MVR","0","0","0","48.6","0","48.6"
"Maldives","2010","19","MVR","0","0","0","31.6","0","31.6"
"Maldives","2008","19","MVR","0","0","0","30","0","30"
"Mali","2018","800","XOF","0","11.2","9.2","6.5","0.8","27.7"
"Mali","2016","800","XOF","0","11.2","9.2","6.5","0.8","27.7"
"Mali","2014","700","XOF","0","9.8","9.7","7.2","0.9","27.7"
"Mali","2012","700","XOF","0","10.1","10","7.4","0.9","28.5"
"Mali","2010","700","XOF","0","7.1","7.4","5.3","2","21.8"
"Mali","2008","700","XOF","0","5.6","5.9","4.2","1.6","17.2"
"Malta","2018","5.5","EUR","38.9","23.4","15.3","0","0","77.6"
"Malta","2016","5.3","EUR","37.7","25","15.3","0","0","78"
"Malta","2014","4.8","EUR","34.4","25","15.3","0","0","74.6"
"Malta","2012","4.2","EUR","36.7","25","15.3","0","0","76.9"
"Malta","2010","4","EUR","11","50","15.3","0","0","76.3"
"Malta","2008","3.59","EUR","12.2","48.7","15.3","0","0","76.2"
"Marshall Islands","2018","2.5","USD","0","0","3.8","40","10.2","54.1"
"Marshall Islands","2016","2.5","USD","0","0","3.8","40","10.2","54.1"
"Marshall Islands","2014","2.14","USD","0","0","3.8","46.7","11.9","62.5"
"Marshall Islands","2012","3.5","USD","0","0","3.8","28.6","7.3","39.7"
"Marshall Islands","2010","2.75","USD","0","0","3.8","36.4","9.3","49.5"
"Marshall Islands","2008","2.5","USD","0","0","3.8","40","10.2","54.1"
"Mauritania","2018","40","MRU","0","5.2","2.3","1.6","0.5","9.6"
"Mauritania","2016","300","MRO","0","4","2.7","2","0.9","9.5"
"Mauritania","2014","500","MRO","0","3","2.3","1.3","0.2","6.8"
"Mauritania","2012","400","MRO","0","0","2.2","1.8","0","4"
"Mauritania","2010","400","MRO","0","0","2.2","4.8","0","6.9"
"Mauritania","2008","350","MRO","0","0","2.7","6","0","8.7"
"Mauritius","2018","145","MUR","70.5","0","13","0","0","83.5"
"Mauritius","2016","130","MUR","57.2","0","13","0","0","70.2"
"Mauritius","2014","125","MUR","59.5","0","13","0","0","72.5"
"Mauritius","2012","105","MUR","60.2","0","13","0","0","73.2"
"Mauritius","2010","75","MUR","58.7","0","13","0","0","71.7"
"Mauritius","2008","65","MUR","67.7","0","13","0","0","80.7"
"Mexico","2018","50","MXN","14","39.2","13.8","0","0","67"
"Mexico","2016","47.39","MXN","14.8","38.7","13.8","0","0","67.3"
"Mexico","2014","45","MXN","15.6","38.2","13.8","0","0","67.6"
"Mexico","2012","40","MXN","17.5","37.1","13.8","0","0","68.3"
"Mexico","2010","30","MXN","2.7","46.2","13.8","0","0","62.7"
"Mexico","2008","28","MXN","0","48.1","13","0","0","61.2"
"Micronesia (Federated States of)","2018","3.5","USD","0","0","20","28.6","0","48.6"
"Micronesia (Federated States of)","2016","2.5","USD","0","0","20","40","0","60"
"Micronesia (Federated States of)","2014","2.12","USD","0","0","20","37.7","0","57.7"
"Micronesia (Federated States of)","2012","2","USD","0","0","20","40","0","60"
"Micronesia (Federated States of)","2010","1.5","USD","0","0","20","46.7","0","66.7"
"Micronesia (Federated States of)","2008","1.5","USD","0","0","20","46.7","0","66.7"
"Monaco","2018","Data not available","Data not available","Data not available","Data not available","Data not available","Data not available","Data not available","Data not available"
"Monaco","2016","Data not available","Data not available","Data not available","Data not available","Data not available","Data not available","Data not available","Data not available"
"Monaco","2014","Data not available","Data not available","Data not available","Data not available","Data not available","Data not available","Data not available","Data not available"
"Monaco","2012","Data not available","Data not available","Data not available","Data not available","Data not available","Data not available","Data not available","Data not available"
"Monaco","2010","5.6","EUR","0","0","0","0","0","Data not available"
"Monaco","2008","Data not available","Data not available","Data not available","Data not available","Data not available","Data not available","Data not available","Data not available"
"Mongolia","2018","2000","MNT","38.3","0","9.1","0","0","47.4"
"Mongolia","2016","1700","MNT","40.9","0","9.1","2.9","0","52.9"
"Mongolia","2014","1600","MNT","56.1","0","9.1","2.3","0","67.5"
"Mongolia","2012","800","MNT","40.3","0","9.1","0","0","49.4"
"Mongolia","2010","800","MNT","40.6","0","9.1","0","0","49.7"
"Mongolia","2008","500","MNT","30.4","0","9.1","0","0","39.5"
"Montenegro","2018","2.5","EUR","32","32","17.4","0","0","81.4"
"Montenegro","2016","1.7","EUR","25.9","33","16","0","0","74.8"
"Montenegro","2014","1.3","EUR","26.9","35","16","0","0","77.9"
"Montenegro","2012","1","EUR","30","36","14.5","0","0","80.5"
"Montenegro","2010","0.65","EUR","15.4","35","14.5","0","0","64.9"
"Montenegro","2008","0.5","EUR","4","26","14.5","0","0","44.5"
"Morocco","2018","20.5","MAD","45.1","10.2","15.4","0","0.5","71.2"
"Morocco","2016","20.5","MAD","45.1","10.2","15.4","0","0.5","71.2"
"Morocco","2014","19.5","MAD","34.1","20.6","15.3","0","0.5","70.5"
"Morocco","2012","17.5","MAD","0","51.4","15.7","0","0.6","67.7"
"Morocco","2010","17.5","MAD","0","50","15.7","0","0.6","66.4"
"Morocco","2008","17.5","MAD","0","50","15.7","0","0.6","66.4"
"Mozambique","2018","50","MZN","14","0","14.5","0","0","28.5"
"Mozambique","2016","35","MZN","16.9","0","14.5","0","0","31.4"
"Mozambique","2014","30","MZN","16.3","0","14.5","0","0","30.9"
"Mozambique","2012","25","MZN","9.6","0","14.5","0","0","24.1"
"Mozambique","2010","20","MZN","12","0","14.5","0","0","26.5"
"Mozambique","2008","15","MZN","0","33.7","14.5","0","0","48.2"
"Myanmar","2018","800","MMK","32.5","0","0","0","0","32.5"
"Myanmar","2016","850","MMK","35.3","0","0","0","0","35.3"
"Myanmar","2014","650","MMK","0","50","0","0","0","50"
"Myanmar","2012","650","MMK","0","50","0","0","0","50"
"Myanmar","2010","650","MMK","0","25","0","0","0","25"
"Myanmar","2008","1050","MMK","0","25","0","0","0","25"
"Namibia","2018","50","NAD","31","0","13","0","0","44.1"
"Namibia","2016","44","NAD","30.1","0","13","0","0","43.1"
"Namibia","2014","40","NAD","29","0","13","0","0","42"
"Namibia","2012","29.49","NAD","35","0","13","0","0","48"
"Namibia","2010","26.95","NAD","33.2","0","13","0","0","46.2"
"Namibia","2008","23","NAD","29.7","0","13","0","0","42.7"
"Nauru","2018","13","AUD","0","0","0","48.3","0","48.3"
"Nauru","2016","11","AUD","0","0","0","50.5","0","50.5"
"Nauru","2014","Data not available","Data not available","Data not available","Data not available","Data not available","Data not available","Data not available","Data not available"
"Nauru","2012","Data not available","Data not available","Data not available","Data not available","Data not available","Data not available","Data not available","Data not available"
"Nauru","2010","4.96","AUD","0","0","0","42.3","0","42.3"
"Nauru","2008","4.4","AUD","0","0","0","41.4","0","41.4"
"Nepal","2018","216","NPR","16.2","0","11.5","0","2.3","30"
"Nepal","2016","180","NPR","14.8","0","11.5","0","0","26.3"
"Nepal","2014","132","NPR","16.3","0","11.5","0","0","27.8"
"Nepal","2012","95","NPR","18.4","0","11.5","0","0","29.9"
"Nepal","2010","85","NPR","17.2","0","11.5","0","0","28.7"
"Nepal","2008","65","NPR","12.8","0","11.5","0","0","24.3"
"Netherlands","2018","7","EUR","49.5","5","17.4","0","0","71.8"
"Netherlands","2016","6.63","EUR","54","0.8","17.4","0","0","72.2"
"Netherlands","2014","6.32","EUR","55.1","1","17.4","0","0","73.4"
"Netherlands","2012","5.68","EUR","48.6","7.6","16","0","0","72.2"
"Netherlands","2010","5.05","EUR","36.5","20.5","16","0","0","73"
"Netherlands","2008","4.74","EUR","36.8","20.9","16","0","0","73.7"
"New Zealand","2018","23.9","NZD","69.2","0","13","0","0","82.2"
"New Zealand","2016","21.6","NZD","61.9","0","13","0","0","74.9"
"New Zealand","2014","17","NZD","64.2","0","13","0","0","77.2"
"New Zealand","2012","14.5","NZD","61","0","13","0","0","74"
"New Zealand","2010","10","NZD","69.2","0","11.1","0","0","80.3"
"New Zealand","2008","10","NZD","58.9","0","11.1","0","0","70"
"Nicaragua","2018","45","NIO","27.1","0","13","0","0","40.2"
"Nicaragua","2016","50","NIO","22","0","13","0","0","35.1"
"Nicaragua","2014","39","NIO","19.2","0","13","0","0","32.3"
"Nicaragua","2012","28","NIO","16.1","0","13","0","0","29.1"
"Nicaragua","2010","27.95","NIO","16.1","0","13","0","0","29.1"
"Nicaragua","2008","21","NIO","0","6.7","13","0","0","19.8"
"Niger","2018","500","XOF","0","14.4","16","0","0.9","31.3"
"Niger","2016","500","XOF","0","18.1","16","0","1.2","35.3"
"Niger","2014","500","XOF","0","11.1","16","0","0.8","27.9"
"Niger","2012","400","XOF","0","13.9","16","0","1","30.9"
"Niger","2010","400","XOF","0","12.7","16","0","0.9","29.6"
"Niger","2008","400","XOF","0","10.8","16","0","0.8","27.6"
"Nigeria","2018","220","NGN","9.1","15.9","4.8","0","0","29.7"
"Nigeria","2016","220","NGN","0","15.9","4.8","0","0","20.6"
"Nigeria","2014","220","NGN","0","15.9","4.8","0","0","20.6"
"Nigeria","2012","200","NGN","0","15.9","4.8","0","0","20.6"
"Nigeria","2010","200","NGN","0","15.9","4.8","0","0","20.6"
"Nigeria","2008","180","NGN","0","15.9","4.8","0","0","20.6"
"Niue","2018","24","NZD","0","0","11.1","72.4","4.2","87.7"
"Niue","2016","13","NZD","0","0","10.7","58.1","15.4","84.2"
"Niue","2014","12","NZD","0","0","11.1","62.9","8.3","82.4"
"Niue","2012","12","NZD","0","0","11.1","47.1","8.3","66.5"
"Niue","2010","10","NZD","0","0","11.1","41.7","10","62.8"
"Niue","2008","8","NZD","0","0","11.1","52.1","12.5","75.7"
"Norway","2018","117.8","NOK","44","0","20","0","0","64"
"Norway","2016","108.6","NOK","46","0","20","0","0","66"
"Norway","2014","97.9","NOK","48.8","0","20","0","0","68.8"
"Norway","2012","87.5","NOK","52.8","0","20","0","0","72.8"
"Norway","2010","81","NOK","52.3","0","20","0","0","72.3"
"Norway","2008","71","NOK","52.7","0","20","0","0","72.7"
"occupied Palestinian territory, including east Jerusalem","2018","22","ILS","35.9","33.8","13.8","0","0","83.5"
"occupied Palestinian territory, including east Jerusalem","2016","22","ILS","35.9","33.3","13.8","0","0","83"
"occupied Palestinian territory, including east Jerusalem","2014","22","ILS","36.3","33.3","13.8","0","0","83.3"
"occupied Palestinian territory, including east Jerusalem","2012","18","ILS","30.5","39.3","13.4","0","0","83.2"
"occupied Palestinian territory, including east Jerusalem","2010","15","ILS","28.6","36.4","12.7","0","0","77.7"
"occupied Palestinian territory, including east Jerusalem","2008","8","ILS","Data not available","Data not available","Data not available","Data not available","Data not available","Data not available"
"Oman","2018","1.2","OMR","0","0","0","25","0","25"
"Oman","2016","1","OMR","0","0","0","20","0","20"
"Oman","2014","0.9","OMR","0","0","0","22.2","0","22.2"
"Oman","2012","0.9","OMR","0","0","0","22.2","0","22.2"
"Oman","2010","0.65","OMR","0","0","0","30.8","0","30.8"
"Oman","2008","0.6","OMR","0","0","0","33.3","0","33.3"
"Pakistan","2018","48","PKR","41.8","0","14.5","0","0","56.4"
"Pakistan","2016","67","PKR","50.3","0","14.5","0","0","64.8"
"Pakistan","2014","47","PKR","46.2","0","14.5","0","0","60.7"
"Pakistan","2012","33","PKR","42.5","3.7","13.8","0","0","60"
"Pakistan","2010","28.1","PKR","37.4","3.1","14.5","0","0","55"
"Pakistan","2008","18.4","PKR","34.9","3.8","13.8","0","0","52.5"
"Palau","2018","6.85","USD","73","0","0","0","0","73"
"Palau","2016","6.75","USD","74.1","0","0","0","0","74.1"
"Palau","2014","5.25","USD","66.7","0","0","0","0","66.7"
"Palau","2012","3.5","USD","0","0","0","57.1","0","57.1"
"Palau","2010","3.5","USD","0","0","0","57.1","0","57.1"
"Palau","2008","3.5","USD","0","0","0","57.1","0","57.1"
"Panama","2018","4.5","PAB","0","43.5","13","0","0","56.5"
"Panama","2016","4.25","PAB","0","43.5","13","0","0","56.5"
"Panama","2014","4.25","PAB","0","43.5","13","0","0","56.5"
"Panama","2012","3.73","PAB","0","43.5","13","0","0","56.5"
"Panama","2010","3.25","USD","46.2","0","13","0","0","59.2"
"Panama","2008","1.96","USD","0","21.3","13","2.2","0","36.6"
"Papua New Guinea","2018","18.6","PGK","45.1","0","9.1","0","0","54.2"
"Papua New Guinea","2016","21.6","PGK","27.8","0","9.1","0","0","36.9"
"Papua New Guinea","2014","16","PGK","26.4","0","9.1","0","0","35.5"
"Papua New Guinea","2012","14.96","PGK","28.3","0","9.1","0","0","37.4"
"Papua New Guinea","2010","Data not available","Data not available","Data not available","Data not available","Data not available","Data not available","Data not available","Data not available"
"Papua New Guinea","2008","9.01","PGK","32.9","0","9.1","0","0","42"
"Paraguay","2018","2000","PYG","0","8.3","9.1","0","0","17.4"
"Paraguay","2016","2000","PYG","0","8.3","9.1","0","0","17.4"
"Paraguay","2014","1500","PYG","0","6.9","9.1","0","0","16"
"Paraguay","2012","1500","PYG","0","8.2","9.1","0","0","17.3"
"Paraguay","2010","1300","PYG","0","6.4","9.1","0","0","15.5"
"Paraguay","2008","1000","PYG","0","6.4","9.1","0","0","15.5"
"Peru","2018","16","PEN","33.8","0","15.3","0","0","49"
"Peru","2016","10.5","PEN","34.3","0","15.3","0","0","49.5"
"Peru","2014","6.2","PEN","22.6","0","15.3","0","0","37.8"
"Peru","2012","5.2","PEN","26.9","0","15.3","0","0","42.2"
"Peru","2010","4.5","PEN","31.1","0","16","0","0","47.1"
"Peru","2008","4","PEN","0","25.2","16","0","0","41.2"
"Philippines","2018","57.75","PHP","60.6","0","10.7","0","0","71.3"
"Philippines","2016","40.5","PHP","51.9","0","10.7","0","0","62.6"
"Philippines","2014","26.75","PHP","63.6","0","10.7","0","0","74.3"
"Philippines","2012","15","PHP","18.1","0","10.7","0","0","28.8"
"Philippines","2010","13.95","PHP","17.7","0","10.7","0","0","28.4"
"Philippines","2008","12.23","PHP","18.2","0","10.7","0","0","28.9"
"Poland","2018","15.5","PLN","26.7","31.4","18.7","0","0","76.8"
"Poland","2016","14.7","PLN","28.1","31.4","18.7","0","0","78.2"
"Poland","2014","13.7","PLN","30.2","31.4","18.7","0","0","80.3"
"Poland","2012","11.6","PLN","29.5","31.4","18.7","0","0","79.6"
"Poland","2010","7.95","PLN","36.9","31.4","18","0","0","86.4"
"Poland","2008","5.75","PLN","34.5","41.3","18","0","0","93.8"
"Portugal","2018","5","EUR","38","15","18.7","0","0","71.7"
"Portugal","2016","4.8","EUR","37.9","17","18.7","0","0","73.6"
"Portugal","2014","4.5","EUR","38.8","17","18.7","0","0","74.5"
"Portugal","2012","4.2","EUR","37.3","20","18.7","0","0","76"
"Portugal","2010","3.5","EUR","38.6","23","17.4","0","0","79"
"Portugal","2008","3.3","EUR","39.2","23","17.4","0","0","79.6"
"Qatar","2018","10","QAR","0","0","0","40","0","40"
"Qatar","2016","10","QAR","0","0","0","20","0","20"
"Qatar","2014","10","QAR","0","0","0","20","0","20"
"Qatar","2012","9","QAR","0","0","0","22.2","0","22.2"
"Qatar","2010","6","QAR","0","0","0","33.3","0","33.3"
"Qatar","2008","6","QAR","0","0","0","33.3","0","33.3"
"Republic of Korea","2018","4500","KRW","64.8","0","9.1","0","0","73.8"
"Republic of Korea","2016","4500","KRW","64.8","0","9.1","0","0","73.8"
"Republic of Korea","2014","2500","KRW","52.9","0","9.1","0","0","62"
"Republic of Korea","2012","2500","KRW","52.9","0","9.1","0","0","62"
"Republic of Korea","2010","2500","KRW","52.9","0","9.1","0","0","62"
"Republic of Korea","2008","2500","KRW","52.9","0","9.1","0","0","62"
"Republic of Moldova","2018","28","MDL","29.3","12","16.7","0","0","58"
"Republic of Moldova","2016","20","MDL","30","12","16.7","0","0","58.7"
"Republic of Moldova","2014","15","MDL","10","24","16.7","0","0","50.7"
"Republic of Moldova","2012","13","MDL","3.1","24","16.7","0","0","43.7"
"Republic of Moldova","2010","9","MDL","1.5","12","16.7","0","0","30.1"
"Republic of Moldova","2008","6","MDL","2","3","16.7","0","0","21.7"
"Republic of North Macedonia","2018","78.95","MKD","57","9","15.3","0","0","81.3"
"Republic of North Macedonia","2016","66.32","MKD","46.8","9","15.3","0","0","71.1"
"Republic of North Macedonia","2014","60","MKD","48.3","9","15.3","0","0","72.6"
"Republic of North Macedonia","2012","54.74","MKD","21","35","15.3","0","0","71.2"
"Republic of North Macedonia","2010","52.63","MKD","21.8","35","15.3","0","0","72.1"
"Republic of North Macedonia","2008","52.63","MKD","21.8","35","15.3","0","0","72.1"
"Romania","2018","17.5","RON","38.6","14","16","0","0","68.6"
"Romania","2016","16","RON","41.2","14","16.7","0","0","71.8"
"Romania","2014","14.5","RON","37.1","19","19.4","0","0","75.4"
"Romania","2012","13.5","RON","33.9","20","19.4","0","0","73.2"
"Romania","2010","9.9","RON","41.8","22","19.4","0","0","83.2"
"Romania","2008","6.5","RON","31.4","25","16","0","0","72.4"
"Russian Federation","2018","125","RUB","27.5","15","15.3","0","0","57.7"
"Russian Federation","2016","105","RUB","23.8","12","15.3","0","0","51.1"
"Russian Federation","2014","67","RUB","23.9","8.5","15.3","0","0","47.6"
"Russian Federation","2012","44","RUB","17.7","7.5","15.3","0","0","40.5"
"Russian Federation","2010","31","RUB","13.2","6.5","15.3","0","0","35"
"Russian Federation","2008","25","RUB","9.6","5.5","15.3","0","0","30.4"
"Rwanda","2018","650","RWF","4.6","36","15.3","0","0","55.9"
"Rwanda","2016","650","RWF","4.6","36","15.3","0","0","55.9"
"Rwanda","2014","650","RWF","0","17.4","15.3","0","0","32.7"
"Rwanda","2012","600","RWF","0","18.9","15.3","0","0","34.1"
"Rwanda","2010","500","RWF","0","22.6","15.3","0","0","37.9"
"Rwanda","2008","500","RWF","0","18.1","15.3","0","0","33.4"
"Saint Kitts and Nevis","2018","8","XCD","0","4","14.5","0","1.2","19.8"
"Saint Kitts and Nevis","2016","8","XCD","0","4","14.5","0","1.2","19.8"
"Saint Kitts and Nevis","2014","8","XCD","0","4","14.5","0","1.2","19.8"
"Saint Kitts and Nevis","2012","7.75","XCD","0","4.2","14.5","0","1.3","20"
"Saint Kitts and Nevis","2010","6.5","XCD","0","5","7.1","0","1.9","14"
"Saint Kitts and Nevis","2008","5","XCD","0","6.5","9.2","0","2.5","18.2"
"Saint Lucia","2018","9","XCD","39.1","0","11.1","0","1","51.2"
"Saint Lucia","2016","9","XCD","39.1","0","13","0","0.9","53.1"
"Saint Lucia","2014","7.25","XCD","48.6","0","13","0","1.3","62.9"
"Saint Lucia","2012","8.75","XCD","28.7","0","0","0","1.2","29.9"
"Saint Lucia","2010","6.5","XCD","0","24.9","0","0","1.6","26.5"
"Saint Lucia","2008","6.5","XCD","0","28.2","0","0","1.8","30.1"
"Saint Vincent and the Grenadines","2018","10","XCD","3.1","0","13.8","0","0","16.9"
"Saint Vincent and the Grenadines","2016","6","XCD","5.2","0","13","0","2.5","20.7"
"Saint Vincent and the Grenadines","2014","6","XCD","1.8","0","13","0","1.3","16.1"
"Saint Vincent and the Grenadines","2012","5.5","XCD","2","0","13","0","2.4","17.4"
"Saint Vincent and the Grenadines","2010","5.4","XCD","1.7","0","13","0","0","14.7"
"Saint Vincent and the Grenadines","2008","5.4","XCD","1.7","0","13","0","0","14.7"
"Samoa","2018","13.4","WST","36.5","0","13","0","0","49.5"
"Samoa","2016","11.5","WST","38.5","0","13","0","0","51.6"
"Samoa","2014","9.5","WST","42.3","0","13","0","0","55.4"
"Samoa","2012","8.6","WST","46.7","0","13","0","0","59.8"
"Samoa","2010","8","WST","48.3","0","13","0","0","61.3"
"Samoa","2008","7.8","WST","49.5","0","13","0","0","62.5"
"San Marino","2018","Data not available","Data not available","Data not available","Data not available","Data not available","Data not available","Data not available","Data not available"
"San Marino","2016","4.7","EUR","0","74.2","0","0","0","74.2"
"San Marino","2014","4.5","EUR","0","74.2","0","0","0","74.2"
"San Marino","2012","4.4","EUR","0","74.2","0","0","0","74.2"
"San Marino","2010","4","EUR","0","74.2","0","0","0","74.2"
"San Marino","2008","Data not available","Not applicable","Data not available","Data not available","Data not available","Data not available","Data not available","Data not available"
"Sao Tome and Principe","2018","25","STN","20","15","0","5.4","0","40.4"
"Sao Tome and Principe","2016","20000","STD","0","18.3","0","6.7","0","25"
"Sao Tome and Principe","2014","20000","STD","0","18.3","0","6.7","0","25"
"Sao Tome and Principe","2012","20000","STD","0","18.3","0","6.7","0","25"
"Sao Tome and Principe","2010","20000","STD","0","18.3","0","6.7","0","25"
"Sao Tome and Principe","2008","20000","STD","0","18.3","0","6.7","0","25"
"Saudi Arabia","2018","27.5","SAR","0","48.8","4.8","14.5","0","68.1"
"Saudi Arabia","2016","12","SAR","0","0","0","16.7","0","16.7"
"Saudi Arabia","2014","10","SAR","0","0","0","20","0","20"
"Saudi Arabia","2012","9","SAR","0","0","0","22.2","0","22.2"
"Saudi Arabia","2010","7","SAR","0","0","0","28.6","0","28.6"
"Saudi Arabia","2008","6","SAR","0","0","0","33.3","0","33.3"
"Senegal","2018","700","XOF","0","23","15.3","0","0","38.2"
"Senegal","2016","500","XOF","0","22.5","15.3","0","0","37.8"
"Senegal","2014","500","XOF","0","20","15.3","0","0","35.3"
"Senegal","2012","400","XOF","0","15","15.3","0","0","30.3"
"Senegal","2010","400","XOF","0","15","15.3","0","0","30.3"
"Senegal","2008","400","XOF","0","11.7","15.3","0","0","26.9"
"Serbia","2018","250","RSD","27.7","33","16.7","0","0","77.3"
"Serbia","2016","220","RSD","28","33","16.7","0","0","77.7"
"Serbia","2014","170","RSD","28.3","33","16.7","0","0","77.9"
"Serbia","2012","110","RSD","31.5","34","15.3","0","0","80.8"
"Serbia","2010","75","RSD","24.9","35","15.3","0","0","75.1"
"Serbia","2008","70","RSD","13.8","33","15.3","0","0","62.1"
"Seychelles","2018","117","SCR","57","0","13","0","0","70.1"
"Seychelles","2016","105","SCR","57.7","0","13","0","0","70.8"
"Seychelles","2014","75","SCR","66.7","0","13","0","0","79.7"
"Seychelles","2012","75","SCR","66.7","0","0","0","0","66.7"
"Seychelles","2010","74","SCR","67.6","0","0","0","0","67.6"
"Seychelles","2008","66","SCR","75.8","0","0","0","0","75.8"
"Sierra Leone","2018","5000","SLL","0","5.5","13","0","0.1","18.6"
"Sierra Leone","2016","3500","SLL","0","0","13","0","0.1","13.2"
"Sierra Leone","2014","3500","SLL","0","0","13","0","0.1","13.2"
"Sierra Leone","2012","2400","SLL","0","0","13","0","0.3","13.4"
"Sierra Leone","2010","1600","SLL","0","0","13","0","0.4","13.5"
"Sierra Leone","2008","1600","SLL","0","0","13","0","0.3","13.3"
"Singapore","2018","14.1","SGD","60.6","0","6.5","0","0","67.1"
"Singapore","2016","13","SGD","59.7","0","6.5","0","0","66.2"
"Singapore","2014","13","SGD","59.7","0","6.5","0","0","66.2"
"Singapore","2012","11.9","SGD","59.2","0","6.5","0","0","65.7"
"Singapore","2010","11.6","SGD","60.7","0","6.5","0","0","67.2"
"Singapore","2008","11.6","SGD","60.7","0","6.5","0","0","67.2"
"Slovakia","2018","3.3","EUR","37.5","23","16.7","0","0","77.1"
"Slovakia","2016","3.1","EUR","38.4","23","16.7","0","0","78.1"
"Slovakia","2014","2.84","EUR","41.9","23","16.7","0","0","81.5"
"Slovakia","2012","2.74","EUR","42.4","23","16.8","0","0","82.2"
"Slovakia","2010","2.42","EUR","43.3","24","16","0","0","83.3"
"Slovakia","2008","2.1","EUR","44.6","24","16","0","0","84.6"
"Slovenia","2018","3.7","EUR","38.6","22.6","18","0","0","79.2"
"Slovenia","2016","3.5","EUR","39.3","21.2","18","0","0","78.5"
"Slovenia","2014","3.45","EUR","39.4","23","18","0","0","80.4"
"Slovenia","2012","2.9","EUR","23.6","39.1","16.7","0","0","79.3"
"Slovenia","2010","2.5","EUR","15.2","44","16.7","0","0","75.9"
"Slovenia","2008","2.2","EUR","15","43.2","16.7","0","0","74.9"
"Solomon Islands","2018","32","SBD","25","0","9.1","0","0","34.1"
"Solomon Islands","2016","32","SBD","19.8","0","9.1","0","0","28.9"
"Solomon Islands","2014","30.08","SBD","19.1","0","9.1","0","0","28.2"
"Solomon Islands","2012","24","SBD","20","0","9.1","0","0","29.1"
"Solomon Islands","2010","Data not available","Data not available","Data not available","Data not available","Data not available","Data not available","Data not available","Data not available"
"Solomon Islands","2008","Data not available","Not applicable","Data not available","Data not available","Data not available","Data not available","Data not available","Data not available"
"Somalia","2018","12000","SOS","0","0","0","4.5","0","4.5"
"Somalia","2016","12000","SOS","0","0","0","4.5","0","4.5"
"Somalia","2014","Data not available","Data not available","Data not available","Data not available","Data not available","Data not available","Data not available","Data not available"
"Somalia","2012","13000","SOS","0","0","0","4.4","0","4.4"
"Somalia","2010","0.3","USD","0","0","0","10","0","10"
"Somalia","2008","0.3","USD","0","0","0","10","0","10"
"South Africa","2018","37.34","ZAR","41.6","0","13","0","0","54.6"
"South Africa","2016","35.53","ZAR","37.3","0","12.3","0","0","49.5"
"South Africa","2014","31.74","ZAR","36.5","0","12.3","0","0","48.8"
"South Africa","2012","27.81","ZAR","37.1","0","12.3","0","0","49.4"
"South Africa","2010","24.83","ZAR","36","0","12.3","0","0","48.3"
"South Africa","2008","19.18","ZAR","35.6","0","12.3","0","0","47.8"
"South Sudan","2018","Data not available","Data not available","Data not available","Data not available","Data not available","Data not available","Data not available","Data not available"
"South Sudan","2016","60","SSP","0","20.6","4.5","0","6.2","31.3"
"South Sudan","2014","Data not available","Data not available","Data not available","Data not available","Data not available","Data not available","Data not available","Data not available"
"South Sudan","2012","Data not available","Data not available","Data not available","Data not available","Data not available","Data not available","Data not available","Data not available"
"South Sudan","2010","Data not available","Data not available","Data not available","Data not available","Data not available","Data not available","Data not available","Data not available"
"South Sudan","2008","Data not available","Data not available","Data not available","Data not available","Data not available","Data not available","Data not available","Data not available"
"Spain","2018","5","EUR","9.9","51","17.4","0","0","78.2"
"Spain","2016","4.85","EUR","9.9","51","17.4","0","0","78.3"
"Spain","2014","4.8","EUR","10","51","17.4","0","0","78.4"
"Spain","2012","4.5","EUR","8.4","55","15.3","0","0","78.7"
"Spain","2010","3.4","EUR","6","57","15.3","0","0","78.3"
"Spain","2008","2.5","EUR","6.6","57","13.8","0","0","77.4"
"Sri Lanka","2018","1100","LKR","55.5","0","10.7","0","0","66.2"
"Sri Lanka","2016","1000","LKR","47.5","0","10.7","0","3.9","62.1"
"Sri Lanka","2014","600","LKR","55.4","0","10.7","0","3.9","70"
"Sri Lanka","2012","500","LKR","59.9","0","10.7","0","3.9","74.5"
"Sri Lanka","2010","380","LKR","59.3","0","10.7","0","3.9","73.9"
"Sri Lanka","2008","320","LKR","58.6","0","13","0","0","71.7"
"Sudan","2018","30","SDG","0","69.3","0","0","0.5","69.8"
"Sudan","2016","20","SDG","0","69.2","0","0","0.8","69.9"
"Sudan","2014","14","SDG","0","67.7","0","0","0","67.7"
"Sudan","2012","8","SDG","0","67.7","0","0","0","67.7"
"Sudan","2010","6","SDG","0","67.7","0","0","0","67.7"
"Sudan","2008","4","SDG","0","67.7","0","0","0","67.7"
"Suriname","2018","25","SRD","39.4","0","8.2","0","0","47.6"
"Suriname","2016","17","SRD","56","0","7.7","0","0","63.7"
"Suriname","2014","9","SRD","48.4","0","6.9","0","0","55.3"
"Suriname","2012","8.5","SRD","51.4","0","9.1","0","0","60.5"
"Suriname","2010","6","SRD","40.8","0","9.1","0","0","49.9"
"Suriname","2008","5","SRD","48.4","0","9.1","0","0","57.5"
"Sweden","2018","65","SEK","47.4","1","20","0","0","68.4"
"Sweden","2016","63.16","SEK","47.5","1","20","0","0","68.5"
"Sweden","2014","58.95","SEK","47.8","1","20","0","0","68.8"
"Sweden","2012","53","SEK","52.8","1","20","0","0","73.8"
"Sweden","2010","50","SEK","12.4","39.2","20","0","0","71.6"
"Sweden","2008","49","SEK","12.7","39.2","20","0","0","71.9"
"Switzerland","2018","8.6","CHF","28.1","25","7.1","0","0","60.3"
"Switzerland","2016","8.5","CHF","28.5","25","7.4","0","0","60.9"
"Switzerland","2014","8.4","CHF","28.8","25","7.4","0","0","61.2"
"Switzerland","2012","7.9","CHF","29.8","25","7.4","0","0","62.2"
"Switzerland","2010","7.2","CHF","31.1","25","7.4","0","0","63.5"
"Switzerland","2008","6.6","CHF","30.8","25","7.4","0","0","63.2"
"Syrian Arab Republic","2018","130","SYP","0","20","0","0","21.8","41.8"
"Syrian Arab Republic","2016","130","SYP","0","20","0","0","21.8","41.8"
"Syrian Arab Republic","2014","Data not available","Data not available","Data not available","Data not available","Data not available","Data not available","Data not available","Data not available"
"Syrian Arab Republic","2012","60","SYP","0","15","0","0","18","33"
"Syrian Arab Republic","2010","30","SYP","0","15","0","0","18","33"
"Syrian Arab Republic","2008","30","SYP","0","15","0","0","18","33"
"Tajikistan","2018","8","TJS","27.1","0","15.3","0","0","42.3"
"Tajikistan","2016","5.5","TJS","3.2","0","15.3","9.5","0","28"
"Tajikistan","2014","5","TJS","2.7","0","15.3","8","0","25.9"
"Tajikistan","2012","3","TJS","3.4","0","15.3","12.1","0","30.8"
"Tajikistan","2010","3","TJS","3.2","0","15.3","11.4","0","29.9"
"Tajikistan","2008","Data not available","Not applicable","Data not available","Data not available","Data not available","Data not available","Data not available","Data not available"
"Thailand","2018","60","THB","40","19.9","6.5","0","12.2","78.6"
"Thailand","2016","86","THB","0","63.8","6.5","0","3.1","73.5"
"Thailand","2014","65","THB","0","62.8","6.5","0","3.8","73.1"
"Thailand","2012","58","THB","0","59.6","6.5","0","4.1","70.2"
"Thailand","2010","58","THB","0","59.6","6.5","0","2.6","68.7"
"Thailand","2008","45","THB","0","54.2","6.5","0","3","63.8"
"Timor-Leste","2018","2","USD","19","0","2.4","0.4","0","21.8"
"Timor-Leste","2016","1.5","USD","25.3","0","2.4","0.2","0","28"
"Timor-Leste","2014","1.25","USD","30.4","0","2.4","0.7","0","33.5"
"Timor-Leste","2012","1.25","USD","30.4","0","2.4","0.7","0","33.5"
"Timor-Leste","2010","1.25","USD","Data not available","Data not available","Data not available","Data not available","Data not available","Data not available"
"Timor-Leste","2008","1","USD","Data not available","Data not available","Data not available","Data not available","Data not available","Data not available"
"Togo","2018","600","XOF","0","6.2","15.3","0","0.5","22"
"Togo","2016","500","XOF","0","6.6","15.3","0","0.1","22"
"Togo","2014","400","XOF","0","8.2","15.3","0","0.2","23.6"
"Togo","2012","400","XOF","0","6.8","15.3","0","0.2","22.2"
"Togo","2010","380","XOF","0","6.2","15.3","0","0.2","21.7"
"Togo","2008","350","XOF","0","4.8","15.3","0","0.2","20.3"
"Tonga","2018","20","TOP","60","0","1.2","1.2","0","62.4"
"Tonga","2016","12","TOP","63.3","0","1.9","1.9","0","67.1"
"Tonga","2014","8.5","TOP","58.8","0","2.2","0","0","61"
"Tonga","2012","8","TOP","50","0","1.9","0","0","51.9"
"Tonga","2010","7.3","TOP","54.8","0","1.5","0","0","56.3"
"Tonga","2008","7.3","TOP","41.1","0","1.5","0","0","42.6"
"Trinidad and Tobago","2018","30","TTD","14.6","0","11.1","0","0","25.7"
"Trinidad and Tobago","2016","26","TTD","14.7","0","11.1","0","0","25.8"
"Trinidad and Tobago","2014","23","TTD","16.6","0","13","0","0","29.6"
"Trinidad and Tobago","2012","19.5","TTD","19.5","0","13","0","0","32.6"
"Trinidad and Tobago","2010","16","TTD","20.7","0","13","0","0","33.7"
"Trinidad and Tobago","2008","14","TTD","23.6","0","13","0","0","36.7"
"Tunisia","2018","2.85","TND","15.6","27.1","8.9","0","20.4","72"
"Tunisia","2016","2.55","TND","17.5","26.2","8.2","0","22.7","74.6"
"Tunisia","2014","2.55","TND","17.5","26.2","8.2","0","22.7","74.6"
"Tunisia","2012","2.25","TND","19.8","24.6","7.7","0","25.8","77.8"
"Tunisia","2010","1.9","TND","47.1","13.6","4.2","0","21.1","86"
"Tunisia","2008","1.7","TND","42.1","14.8","4.6","0","23.5","85"
"Turkey","2018","13.5","TRY","3.1","63","15.3","0","0","81.4"
"Turkey","2016","10","TRY","2.5","65.3","15.3","0","0","83.1"
"Turkey","2014","8","TRY","1.6","65.3","15.3","0","0","82.1"
"Turkey","2012","6.5","TRY","0","65","15.3","0","0","80.3"
"Turkey","2010","4.5","TRY","0","63","15.3","0","0","78.3"
"Turkey","2008","3","TRY","0","58","15.3","0","0","73.3"
"Turkmenistan","2018","25","TMT","0","11.3","7.6","0","13.4","32.4"
"Turkmenistan","2016","19","TMT","0","11.8","6.3","0","8.7","26.8"
"Turkmenistan","2014","11.65","TMT","12.2","0","13","0.8","0","26.1"
"Turkmenistan","2012","9","TMT","0","15.8","13","1.1","0","30"
"Turkmenistan","2010","3.4","TMT","41.9","0","13","2.6","0","57.6"
"Turkmenistan","2008","11000","TMM","23.6","0","13","1.5","0","38.1"
"Tuvalu","2018","6","AUD","0","25","1.2","3.4","0","29.5"
"Tuvalu","2016","3.5","AUD","0","42.8","2","5.8","0","50.6"
"Tuvalu","2014","2.5","AUD","0","2.3","0.1","0.3","0","2.7"
"Tuvalu","2012","6","AUD","0","9.7","3.8","1.3","0","14.8"
"Tuvalu","2010","6","AUD","0","11.3","2.9","1.5","0","15.8"
"Tuvalu","2008","4.5","AUD","Data not available","Data not available","Data not available","Data not available","Data not available","Data not available"
"Uganda","2018","3500","UGX","31.4","0","8.4","0","0","39.9"
"Uganda","2016","3000","UGX","33.3","0","9","0","0","42.4"
"Uganda","2014","2500","UGX","28","0","8.1","0","0","36.1"
"Uganda","2012","2500","UGX","20","0","15.3","0","0","35.3"
"Uganda","2010","1500","UGX","29.3","0","15.3","0","0","44.6"
"Uganda","2008","1000","UGX","44","0","15.3","0","0","59.3"
"Ukraine","2018","29.05","UAH","39.8","18.2","16.7","0","0","74.7"
"Ukraine","2016","14.7","UAH","43.3","19.4","16.7","0","0","79.4"
"Ukraine","2014","9","UAH","48.1","16.3","16.7","0","0","81"
"Ukraine","2012","7.5","UAH","29.5","20.8","16.7","0","0","67"
"Ukraine","2010","5.5","UAH","32.7","20.8","16.7","0","0","70.2"
"Ukraine","2008","2.5","UAH","24","8.2","16.7","0","0","48.9"
"United Arab Emirates","2018","20","AED","0","48.8","4.8","20","0","73.5"
"United Arab Emirates","2016","11","AED","0","0","0","18.2","0","18.2"
"United Arab Emirates","2014","10","AED","0","0","0","20","0","20"
"United Arab Emirates","2012","8","AED","0","0","0","25","0","25"
"United Arab Emirates","2010","7","AED","0","0","0","28.6","0","28.6"
"United Arab Emirates","2008","6.5","AED","0","0","0","30.8","0","30.8"
"United Kingdom of Great Britain and Northern Ireland","2018","9.4","GBP","46.2","16.5","16.7","0","0","79.4"
"United Kingdom of Great Britain and Northern Ireland","2016","8.3","GBP","47.3","16.5","16.7","0","0","80.5"
"United Kingdom of Great Britain and Northern Ireland","2014","7.52","GBP","49","16.5","16.7","0","0","82.2"
"United Kingdom of Great Britain and Northern Ireland","2012","6.6","GBP","47","16.5","16.7","0","0","80.1"
"United Kingdom of Great Britain and Northern Ireland","2010","6.29","GBP","37.8","24","14.9","0","0","76.7"
"United Kingdom of Great Britain and Northern Ireland","2008","5.67","GBP","39.5","24","13","0","0","76.6"
"United Republic of Tanzania","2018","3500","TZS","16.8","0","15.3","0","0","32.1"
"United Republic of Tanzania","2016","3000","TZS","18.7","0","15.3","0","0","33.9"
"United Republic of Tanzania","2014","3500","TZS","15.3","0","15.3","0","0","30.5"
"United Republic of Tanzania","2012","2500","TZS","12.9","0","15.3","0","0","28.1"
"United Republic of Tanzania","2010","2500","TZS","10.9","0","15.3","0","0","26.1"
"United Republic of Tanzania","2008","1400","TZS","18","0","16.7","0","0","34.7"
"United States of America","2018","6.86","USD","37.8","0","5.2","0","0","43"
"United States of America","2016","6.43","USD","37.8","0","5.2","0","0","43"
"United States of America","2014","6.23","USD","37.4","0","5.2","0","0","42.5"
"United States of America","2012","6.07","USD","37.7","0","5.2","0","0","42.9"
"United States of America","2010","5.72","USD","39.9","0","5.4","0","0","45.3"
"United States of America","2008","4.58","USD","31.6","0","5","0","0","36.6"
"Uruguay","2018","140","UYU","48","0","18","0","0","66.1"
"Uruguay","2016","110","UYU","47.5","0","18","0","0","65.5"
"Uruguay","2014","78","UYU","48.7","0","18","0","0","66.8"
"Uruguay","2012","75","UYU","50.7","0","18","0","0","68.7"
"Uruguay","2010","70","UYU","54.3","0","18","0","0","72.3"
"Uruguay","2008","45","UYU","47.8","0","18","0","0","65.8"
"Uzbekistan","2018","6000","UZS","28.1","0","16.7","0","0","44.7"
"Uzbekistan","2016","3000","UZS","19.2","0","16.7","0","0","35.9"
"Uzbekistan","2014","2200","UZS","15.9","0","16.7","0","0","32.5"
"Uzbekistan","2012","1700","UZS","12.6","0","16.7","0","0","29.3"
"Uzbekistan","2010","1100","UZS","13","0","16.7","0","0","29.7"
"Uzbekistan","2008","700","UZS","14.9","0","16.7","0","0","31.5"
"Vanuatu","2018","735","VUV","43.5","0","9.1","6","0","58.6"
"Vanuatu","2016","720","VUV","44.4","0","6.2","1.8","0","52.5"
"Vanuatu","2014","720","VUV","44.4","0","6.1","1.6","0","52.2"
"Vanuatu","2012","700","VUV","45.7","0","6.3","1.7","0","53.7"
"Vanuatu","2010","653","VUV","12.3","0","6.5","36.8","0","55.5"
"Vanuatu","2008","640","VUV","12.5","0","6.3","37.5","0","56.3"
"Venezuela (Bolivarian Republic of)","2018","300","VES","0","67.6","3.5","0","2","73"
"Venezuela (Bolivarian Republic of)","2016","1400","VEF","0","67.6","3.5","0","2","73"
"Venezuela (Bolivarian Republic of)","2014","90","VEF","0","67.6","3.5","0","0","71"
"Venezuela (Bolivarian Republic of)","2012","30","VEF","0","67.6","3.5","0","0","71"
"Venezuela (Bolivarian Republic of)","2010","16","VEF","0","67.6","3.5","0","0","71"
"Venezuela (Bolivarian Republic of)","2008","8.5","VEF","0","68.2","2.6","0","0","70.8"
"Viet Nam","2018","20000","VND","0","29.7","7","0","0","36.7"
"Viet Nam","2016","20000","VND","0","28.7","7","0","0","35.7"
"Viet Nam","2014","18730","VND","0","25.4","6.4","0","0","31.8"
"Viet Nam","2012","15000","VND","0","25.4","6.4","0","0","31.8"
"Viet Nam","2010","14000","VND","0","25.4","6.4","0","0","31.8"
"Viet Nam","2008","11000","VND","0","25.4","6.4","0","0","31.8"
"Yemen","2018","550","YER","3.3","0","47.4","0","0","50.6"
"Yemen","2016","350","YER","5.1","0","47.4","0","0","52.5"
"Yemen","2014","280","YER","6.4","0","47.4","0","0","53.8"
"Yemen","2012","250","YER","5.2","0","47.4","0","0","52.6"
"Yemen","2010","180","YER","6.1","0","47.4","0","0","53.5"
"Yemen","2008","150","YER","7.3","0","47.4","0","0","54.7"
"Zambia","2018","17.5","ZMW","0","27.4","13.8","0","0","41.2"
"Zambia","2016","17","ZMW","0","23.5","13.8","0","0","37.3"
"Zambia","2014","9","ZMW","0","20","13.8","0","0","33.8"
"Zambia","2012","8000","ZMK","0","22.5","13.8","0","0","36.3"
"Zambia","2010","8000","ZMK","0","22.5","13.8","0","0","36.3"
"Zambia","2008","5500","ZMK","0","32.7","13.8","0","0","46.5"
"Zimbabwe","2018","1.75","USD","22.9","0","13","0","0","35.9"
"Zimbabwe","2016","1.75","USD","22.9","0","13","0","0","35.9"
"Zimbabwe","2014","1.3","USD","23.1","0","13","0","0","36.1"
"Zimbabwe","2012","1","USD","20","0","13","0","0","33"
"Zimbabwe","2010","0.5","USD","0","38.6","13","0","0","51.7"
"Zimbabwe","2008","0.4","USD","0","34.3","8.6","0","0","42.9"
