,"Name of latest youth prevalence survey (nonsmoked)","Year of latest youth prevalence survey (nonsmoked)","Representation of latest youth prevalence survey (nonsmoked)","Age range of latest youth prevalence survey (nonsmoked)","Prevalence of current smokeless tobacco use among adolescents (%)","Prevalence of current smokeless tobacco use among adolescents (%)","Prevalence of current smokeless tobacco use among adolescents (%)","Prevalence of daily smokeless tobacco use among adolescents (%)","Prevalence of daily smokeless tobacco use among adolescents (%)","Prevalence of daily smokeless tobacco use among adolescents (%)","Prevalence of current e-cigarette use among adolescents (%)","Prevalence of current e-cigarette use among adolescents (%)","Prevalence of current e-cigarette use among adolescents (%)","Prevalence of daily e-cigarette use among adolescents (%)","Prevalence of daily e-cigarette use among adolescents (%)","Prevalence of daily e-cigarette use among adolescents (%)"
,"","","","","Both sexes","Male","Female","Both sexes","Male","Female","Both sexes","Male","Female","Both sexes","Male","Female"
"Country","2018","2018","2018","2018","2018","2018","2018","2018","2018","2018","2018","2018","2018","2018","2018","2018"
"Afghanistan","Global Youth Tobacco Survey (Kabul)","2017","Subnational","'13-15","4.1","4.8","3.3","Data not available","Data not available","Data not available","Data not available","Data not available","Data not available","Data not available","Data not available","Data not available"
"Albania","Global Youth Tobacco Survey","2015","National","'13-15","2.0","2.4","1.4","Data not available","Data not available","Data not available","5.8","8.6","2.7","Data not available","Data not available","Data not available"
"Algeria","Global Youth Tobacco Survey","2013","National","'13-15","3.5","6.9","0.8","Data not available","Data not available","Data not available","Data not available","Data not available","Data not available","Data not available","Data not available","Data not available"
"Andorra","Data not available","Data not available","Data not available","Data not available","Data not available","Data not available","Data not available","Data not available","Data not available","Data not available","Data not available","Data not available","Data not available","Data not available","Data not available","Data not available"
"Angola","Global Youth Tobacco Survey (Huambo)","2010","Subnational","'13-15","18.7","18.0","19.0","Data not available","Data not available","Data not available","Data not available","Data not available","Data not available","Data not available","Data not available","Data not available"
"Antigua and Barbuda","Global Youth Tobacco Survey","2017","National","'13-15","2.1","2.6","1.6","Data not available","Data not available","Data not available","4.0","4.0","3.7","Data not available","Data not available","Data not available"
"Argentina","Global Youth Tobacco Survey","2012","National","'13-15","3.7","4.4","3.0","Data not available","Data not available","Data not available","Data not available","Data not available","Data not available","Data not available","Data not available","Data not available"
"Armenia","Global Youth Tobacco Survey","2009","National","'13-15","4.4","6.0","3.0","Data not available","Data not available","Data not available","Data not available","Data not available","Data not available","Data not available","Data not available","Data not available"
"Australia","Data not available","Data not available","Data not available","Data not available","Data not available","Data not available","Data not available","Data not available","Data not available","Data not available","Data not available","Data not available","Data not available","Data not available","Data not available","Data not available"
"Austria","ESPAD","2015","National","'15-15","Data not available","Data not available","Data not available","Data not available","Data not available","Data not available","6.1","7.0","5.0","Data not available","Data not available","Data not available"
"Azerbaijan","Global Youth Tobacco Survey","2016","National","'13-15","1.8","2.4","1.1","Data not available","Data not available","Data not available","Data not available","Data not available","Data not available","Data not available","Data not available","Data not available"
"Bahamas","Global Youth Tobacco Survey","2013","National","'13-15","2.8","4.0","1.6","Data not available","Data not available","Data not available","Data not available","Data not available","Data not available","Data not available","Data not available","Data not available"
"Bahrain","Global Youth Tobacco Survey","2015","National","'13-15","3.7","5.2","2.2","Data not available","Data not available","Data not available","Data not available","Data not available","Data not available","Data not available","Data not available","Data not available"
"Bangladesh","Global Youth Tobacco Survey","2013","National","'13-15","4.5","5.9","2.0","Data not available","Data not available","Data not available","Data not available","Data not available","Data not available","Data not available","Data not available","Data not available"
"Barbados","Global Youth Tobacco Survey","2013","National","'13-15","2.9","2.9","3.0","Data not available","Data not available","Data not available","Data not available","Data not available","Data not available","Data not available","Data not available","Data not available"
"Belarus","Global Youth Tobacco Survey","2015","National","'13-15","0.6","0.9","0.2","Data not available","Data not available","Data not available","Data not available","Data not available","Data not available","Data not available","Data not available","Data not available"
"Belgium","Data not available","Data not available","Data not available","Data not available","Data not available","Data not available","Data not available","Data not available","Data not available","Data not available","Data not available","Data not available","Data not available","Data not available","Data not available","Data not available"
"Belize","Global Youth Tobacco Survey","2014","National","'13-15","2.3","2.9","1.7","Data not available","Data not available","Data not available","6.5","8.9","4.1","Data not available","Data not available","Data not available"
"Benin","Data not available","Data not available","Data not available","Data not available","Data not available","Data not available","Data not available","Data not available","Data not available","Data not available","Data not available","Data not available","Data not available","Data not available","Data not available","Data not available"
"Bhutan","Global Youth Tobacco Survey","2013","National","'13-15","21.6","25.0","18.9","Data not available","Data not available","Data not available","Data not available","Data not available","Data not available","Data not available","Data not available","Data not available"
"Bolivia (Plurinational State of)","Global Youth Tobacco Survey","2012","National","'13-15","3.6","4.5","4.2","Data not available","Data not available","Data not available","Data not available","Data not available","Data not available","Data not available","Data not available","Data not available"
"Bosnia and Herzegovina","Global Youth Tobacco Survey","2013","National","'13-15","2.0","2.4","1.5","Data not available","Data not available","Data not available","Data not available","Data not available","Data not available","Data not available","Data not available","Data not available"
"Botswana","Global Youth Tobacco Survey","2008","National","'13-15","11.3","11.3","11.4","Data not available","Data not available","Data not available","Data not available","Data not available","Data not available","Data not available","Data not available","Data not available"
"Brazil","Data not available","Data not available","Data not available","Data not available","Data not available","Data not available","Data not available","Data not available","Data not available","Data not available","Data not available","Data not available","Data not available","Data not available","Data not available","Data not available"
"Brunei Darussalam","Global Youth Tobacco Survey","2013","National","'13-15","0.9","1.2","0.7","Data not available","Data not available","Data not available","Data not available","Data not available","Data not available","Data not available","Data not available","Data not available"
"Bulgaria","Global Youth Tobacco Survey","2015","National","'13-15","2.6","3.4","1.5","Data not available","Data not available","Data not available","10.8","12.2","9.2","Data not available","Data not available","Data not available"
"Burkina Faso","Global Youth Tobacco Survey (Ouagadougou)","2009","Subnational","'13-15","10.2","11.2","9.2","Data not available","Data not available","Data not available","Data not available","Data not available","Data not available","Data not available","Data not available","Data not available"
"Burundi","Data not available","Data not available","Data not available","Data not available","Data not available","Data not available","Data not available","Data not available","Data not available","Data not available","Data not available","Data not available","Data not available","Data not available","Data not available","Data not available"
"Cabo Verde","Data not available","Data not available","Data not available","Data not available","Data not available","Data not available","Data not available","Data not available","Data not available","Data not available","Data not available","Data not available","Data not available","Data not available","Data not available","Data not available"
"Cambodia","Global Youth Tobacco Survey","2016","National","'13-15","1.0","1.3","0.8","Data not available","Data not available","Data not available","Data not available","Data not available","Data not available","Data not available","Data not available","Data not available"
"Cameroon","Global Youth Tobacco Survey","2014","National","'13-15","3.7","5.0","2.3","Data not available","Data not available","Data not available","Data not available","Data not available","Data not available","Data not available","Data not available","Data not available"
"Canada","Canadian Student Tobacco, Alcohol and Drugs Survey (CSTADS)","2016-17","National","'Grades 7-9","2.0","3.4","0.5","Data not available","Data not available","Data not available","10.0","12.4","7.6","Data not available","Data not available","Data not available"
"Central African Republic","Global Youth Tobacco Survey (Bangui)","2008","Subnational","'13-15","15.4","21.9","8.0","Data not available","Data not available","Data not available","Data not available","Data not available","Data not available","Data not available","Data not available","Data not available"
"Chad","Data not available","Data not available","Data not available","Data not available","Data not available","Data not available","Data not available","Data not available","Data not available","Data not available","Data not available","Data not available","Data not available","Data not available","Data not available","Data not available"
"Chile","Data not available","Data not available","Data not available","Data not available","Data not available","Data not available","Data not available","Data not available","Data not available","Data not available","Data not available","Data not available","Data not available","Data not available","Data not available","Data not available"
"China","Data not available","Data not available","Data not available","Data not available","Data not available","Data not available","Data not available","Data not available","Data not available","Data not available","Data not available","Data not available","Data not available","Data not available","Data not available","Data not available"
"Colombia","Encuesta Nacional de Tabaquismo en Jóvenes","2017","National","'13-15","3.9","4.2","3.5","Data not available","Data not available","Data not available","9.0","9.0","8.8","0.4","0.5","0.4"
"Comoros","Global Youth Tobacco Survey","2015","National","'13-15","2.7","3.6","2.0","Data not available","Data not available","Data not available","Data not available","Data not available","Data not available","Data not available","Data not available","Data not available"
"Congo","Global Youth Tobacco Survey","2009","National","'13-15","16.4","18.3","14.1","Data not available","Data not available","Data not available","Data not available","Data not available","Data not available","Data not available","Data not available","Data not available"
"Cook Islands","Global Youth Tobacco Survey","2016","National","'13-15","3.0","3.8","2.4","Data not available","Data not available","Data not available","Data not available","Data not available","Data not available","Data not available","Data not available","Data not available"
"Costa Rica","Global Youth Tobacco Survey","2013","National","'13-15","1.6","1.7","1.6","Data not available","Data not available","Data not available","Data not available","Data not available","Data not available","Data not available","Data not available","Data not available"
"Côte d'Ivoire","Global Youth Tobacco Survey","2009","National","'13-15","5.6","6.2","4.9","Data not available","Data not available","Data not available","Data not available","Data not available","Data not available","Data not available","Data not available","Data not available"
"Croatia","Global Youth Tobacco Survey","2016","National","'13-15","1.9","2.8","1.1","Data not available","Data not available","Data not available","Data not available","Data not available","Data not available","Data not available","Data not available","Data not available"
"Cuba","Global Youth Tobacco Survey","2018","National","'13-15","2.3","1.9","2.6","Data not available","Data not available","Data not available","6.1","7.6","4.2","Data not available","Data not available","Data not available"
"Cyprus","Data not available","Data not available","Data not available","Data not available","Data not available","Data not available","Data not available","Data not available","Data not available","Data not available","Data not available","Data not available","Data not available","Data not available","Data not available","Data not available"
"Czechia","Global Youth Tobacco Survey","2016","National","'13-15","4.7","6.4","2.8","Data not available","Data not available","Data not available","11.2","12.5","9.8","Data not available","Data not available","Data not available"
"Democratic People's Republic of Korea","Data not available","Data not available","Data not available","Data not available","Data not available","Data not available","Data not available","Data not available","Data not available","Data not available","Data not available","Data not available","Data not available","Data not available","Data not available","Data not available"
"Democratic Republic of the Congo","Global Youth Tobacco Survey (Kinshasa)","2008","Subnational","'13-15","20.8","20.6","20.1","Data not available","Data not available","Data not available","Data not available","Data not available","Data not available","Data not available","Data not available","Data not available"
"Denmark","Data not available","Data not available","Data not available","Data not available","Data not available","Data not available","Data not available","Data not available","Data not available","Data not available","Data not available","Data not available","Data not available","Data not available","Data not available","Data not available"
"Djibouti","Global Youth Tobacco Survey","2013","National","'13-15","6.2","8.1","4.0","Data not available","Data not available","Data not available","Data not available","Data not available","Data not available","Data not available","Data not available","Data not available"
"Dominica","Global Youth Tobacco Survey","2009","National","'13-15","8.4","10.2","6.4","Data not available","Data not available","Data not available","Data not available","Data not available","Data not available","Data not available","Data not available","Data not available"
"Dominican Republic","Global Youth Tobacco Survey","2016","National","'13-15","3.1","4.2","2.3","Data not available","Data not available","Data not available","7.7","7.9","6.9","Data not available","Data not available","Data not available"
"Ecuador","Global Youth Tobacco Survey","2016","National","'13-15","2.1","2.5","1.8","Data not available","Data not available","Data not available","10.7","12.7","8.7","Data not available","Data not available","Data not available"
"Egypt","Global Youth Tobacco Survey","2014","National","'13-15","4.1","2.7","5.4","Data not available","Data not available","Data not available","Data not available","Data not available","Data not available","Data not available","Data not available","Data not available"
"El Salvador","Global Youth Tobacco Survey","2015","National","'13-15","2.0","2.1","2.0","Data not available","Data not available","Data not available","2.7","3.3","2.1","Data not available","Data not available","Data not available"
"Equatorial Guinea","Data not available","Data not available","Data not available","Data not available","Data not available","Data not available","Data not available","Data not available","Data not available","Data not available","Data not available","Data not available","Data not available","Data not available","Data not available","Data not available"
"Eritrea","Data not available","Data not available","Data not available","Data not available","Data not available","Data not available","Data not available","Data not available","Data not available","Data not available","Data not available","Data not available","Data not available","Data not available","Data not available","Data not available"
"Estonia","Health Behaviour in School-aged Children","2013-14","National","'11-15","2.2","3.7","0.7","0.8","1.6","0.1","5.7","7.4","3.9","0.9","1.6","0.2"
"Eswatini","Global Youth Tobacco Survey","2009","National","'13-15","5.4","6.0","5.0","Data not available","Data not available","Data not available","Data not available","Data not available","Data not available","Data not available","Data not available","Data not available"
"Ethiopia","Data not available","Data not available","Data not available","Data not available","Data not available","Data not available","Data not available","Data not available","Data not available","Data not available","Data not available","Data not available","Data not available","Data not available","Data not available","Data not available"
"Fiji","Global Youth Tobacco Survey","2016","National","'13-15","2.1","2.6","1.5","Data not available","Data not available","Data not available","Data not available","Data not available","Data not available","Data not available","Data not available","Data not available"
"Finland","Adolescent Health and Lifestyle Survey","2015","National","'14-14","2.0","3.5","0.7","Data not available","0.5","Data not available","Data not available","Data not available","Data not available","Data not available","Data not available","Data not available"
"France","Data not available","Data not available","Data not available","Data not available","Data not available","Data not available","Data not available","Data not available","Data not available","Data not available","Data not available","Data not available","Data not available","Data not available","Data not available","Data not available"
"Gabon","Global Youth Tobacco Survey","2014","National","'13-15","2.4","1.9","2.9","Data not available","Data not available","Data not available","Data not available","Data not available","Data not available","Data not available","Data not available","Data not available"
"Gambia","Global Youth Tobacco Survey","2017","National","'13-15","1.5","2.3","0.9","Data not available","Data not available","Data not available","Data not available","Data not available","Data not available","Data not available","Data not available","Data not available"
"Georgia","Global Youth Tobacco Survey","2017","National","'13-15","4.4","5.0","3.2","Data not available","Data not available","Data not available","13.2","17.3","7.7","Data not available","Data not available","Data not available"
"Germany","Data not available","Data not available","Data not available","Data not available","Data not available","Data not available","Data not available","Data not available","Data not available","Data not available","Data not available","Data not available","Data not available","Data not available","Data not available","Data not available"
"Ghana","Global Youth Tobacco Survey","2017","National","'13-15","3.1","2.5","3.7","Data not available","Data not available","Data not available","Data not available","Data not available","Data not available","Data not available","Data not available","Data not available"
"Greece","Global Youth Tobacco Survey","2013","National","'13-15","1.9","2.5","1.3","Data not available","Data not available","Data not available","Data not available","Data not available","Data not available","Data not available","Data not available","Data not available"
"Grenada","Global Youth Tobacco Survey","2016","National","'13-15","1.8","2.0","1.6","Data not available","Data not available","Data not available","7.2","9.7","4.9","Data not available","Data not available","Data not available"
"Guatemala","Global Youth Tobacco Survey","2015","National","'13-15","2.4","3.0","1.8","Data not available","Data not available","Data not available","Data not available","Data not available","Data not available","Data not available","Data not available","Data not available"
"Guinea","Data not available","Data not available","Data not available","Data not available","Data not available","Data not available","Data not available","Data not available","Data not available","Data not available","Data not available","Data not available","Data not available","Data not available","Data not available","Data not available"
"Guinea-Bissau","Data not available","Data not available","Data not available","Data not available","Data not available","Data not available","Data not available","Data not available","Data not available","Data not available","Data not available","Data not available","Data not available","Data not available","Data not available","Data not available"
"Guyana","Global Youth Tobacco Survey","2015","National","'13-15","4.1","4.6","3.0","Data not available","Data not available","Data not available","9.0","9.3","8.0","Data not available","Data not available","Data not available"
"Haiti","Data not available","Data not available","Data not available","Data not available","Data not available","Data not available","Data not available","Data not available","Data not available","Data not available","Data not available","Data not available","Data not available","Data not available","Data not available","Data not available"
"Honduras","Global Youth Tobacco Survey","2016","National","'13-15","2.2","2.7","1.9","Data not available","Data not available","Data not available","Data not available","Data not available","Data not available","Data not available","Data not available","Data not available"
"Hungary","Global Youth Tobacco Survey","2016","National","'13-15","1.00","1.04","0.96","0.03","0.06","0.0","Data not available","Data not available","Data not available","0.5","0.8","0.1"
"Iceland","Rannsóknir og greining lagði fyrir nemendur í framhaldsskólum á Íslandi","2013","National","'16-18","Data not available","14.0","3.8","Data not available","Data not available","Data not available","Data not available","Data not available","Data not available","Data not available","Data not available","Data not available"
"India","Global Youth Tobacco Survey","2009","National","'13-15","9.0","11.1","6.0","Data not available","Data not available","Data not available","Data not available","Data not available","Data not available","Data not available","Data not available","Data not available"
"Indonesia","Global Youth Tobacco Survey","2014","National","'13-15","2.1","3.0","1.1","Data not available","Data not available","Data not available","Data not available","Data not available","Data not available","Data not available","Data not available","Data not available"
"Iran (Islamic Republic of)","Global Youth Tobacco Survey","2016","National","'13-15","1.9","3.1","0.8","Data not available","Data not available","Data not available","Data not available","Data not available","Data not available","Data not available","Data not available","Data not available"
"Iraq","Global Youth Tobacco Survey","2014","National","'13-15","3.7","4.3","2.9","Data not available","Data not available","Data not available","Data not available","Data not available","Data not available","Data not available","Data not available","Data not available"
"Ireland","Data not available","Data not available","Data not available","Data not available","Data not available","Data not available","Data not available","Data not available","Data not available","Data not available","Data not available","Data not available","Data not available","Data not available","Data not available","Data not available"
"Israel","Data not available","Data not available","Data not available","Data not available","Data not available","Data not available","Data not available","Data not available","Data not available","Data not available","Data not available","Data not available","Data not available","Data not available","Data not available","Data not available"
"Italy","Global Youth Tobacco Survey","2018","National","'13-15","1.6","1.8","1.5","Data not available","Data not available","Data not available","17.5","21.9","12.8","Data not available","Data not available","Data not available"
"Jamaica","Global Youth Tobacco Survey","2017","National","'13-15","2.6","2.8","2.5","Data not available","Data not available","Data not available","11.7","13.7","9.7","Data not available","Data not available","Data not available"
"Japan","National survey on underage smoking and drinking","2017","National","'Junior-High","Data not available","Data not available","Data not available","Data not available","Data not available","Data not available","0.7","0.8","0.5","0.1","0.1","0.1"
"Jordan","Global Youth Tobacco Survey","2014","National","'13-15","2.5","3.9","1.1","Data not available","Data not available","Data not available","Data not available","Data not available","Data not available","Data not available","Data not available","Data not available"
"Kazakhstan","Health Behaviour in School-aged Children","2017","National","'11-15","Data not available","Data not available","Data not available","Data not available","Data not available","Data not available","3.2","4.8","1.6","Data not available","Data not available","Data not available"
"Kenya","Global Youth Tobacco Survey","2013","National","'13-15","3.9","4.3","3.3","Data not available","Data not available","Data not available","Data not available","Data not available","Data not available","Data not available","Data not available","Data not available"
"Kiribati","Data not available","Data not available","Data not available","Data not available","Data not available","Data not available","Data not available","Data not available","Data not available","Data not available","Data not available","Data not available","Data not available","Data not available","Data not available","Data not available"
"Kuwait","Global Youth Tobacco Survey","2016","National","'13-15","2.7","3.1","2.3","Data not available","Data not available","Data not available","Data not available","Data not available","Data not available","Data not available","Data not available","Data not available"
"Kyrgyzstan","Global Youth Tobacco Survey","2014","National","'13-15","5.1","7.6","2.9","Data not available","Data not available","Data not available","Data not available","Data not available","Data not available","Data not available","Data not available","Data not available"
"Lao People's Democratic Republic","Global Youth Tobacco Survey","2016","National","'13-15","3.8","4.8","2.8","Data not available","Data not available","Data not available","4.3","5.0","3.7","Data not available","Data not available","Data not available"
"Latvia","Global Youth Tobacco Survey","2014","National","'13-15","3.1","4.2","2.0","Data not available","Data not available","Data not available","Data not available","Data not available","Data not available","Data not available","Data not available","Data not available"
"Lebanon","Data not available","Data not available","Data not available","Data not available","Data not available","Data not available","Data not available","Data not available","Data not available","Data not available","Data not available","Data not available","Data not available","Data not available","Data not available","Data not available"
"Lesotho","Global Youth Tobacco Survey","2008","National","'13-15","14.4","14.7","13.6","Data not available","Data not available","Data not available","Data not available","Data not available","Data not available","Data not available","Data not available","Data not available"
"Liberia","Global Youth Tobacco Survey (Monrovia)","2008","Subnational","'13-15","8.3","9.0","6.6","Data not available","Data not available","Data not available","Data not available","Data not available","Data not available","Data not available","Data not available","Data not available"
"Libya","Global Youth Tobacco Survey","2010","National","'13-15","2.3","2.0","2.3","Data not available","Data not available","Data not available","Data not available","Data not available","Data not available","Data not available","Data not available","Data not available"
"Lithuania","Global Youth Tobacco Survey","2018","National","'13-15","3.0","4.2","1.7","Data not available","Data not available","Data not available","Data not available","Data not available","Data not available","Data not available","Data not available","Data not available"
"Luxembourg","Data not available","Data not available","Data not available","Data not available","Data not available","Data not available","Data not available","Data not available","Data not available","Data not available","Data not available","Data not available","Data not available","Data not available","Data not available","Data not available"
"Madagascar","Global Youth Tobacco Survey","2018","National","'13-15","1.6","1.1","2.0","Data not available","Data not available","Data not available","Data not available","Data not available","Data not available","Data not available","Data not available","Data not available"
"Malawi","Global Youth Tobacco Survey","2009","National","'13-15","9.2","11.2","7.4","Data not available","Data not available","Data not available","Data not available","Data not available","Data not available","Data not available","Data not available","Data not available"
"Malaysia","National Health and Morbidity Survey - Adolescent Health Survey","2017","National","'13-17","6.3","8.2","4.3","Data not available","Data not available","Data not available","9.8","17.0","2.8","Data not available","Data not available","Data not available"
"Maldives","Global Youth Tobacco Survey","2011","National","'13-15","6.2","9.2","2.9","Data not available","Data not available","Data not available","Data not available","Data not available","Data not available","Data not available","Data not available","Data not available"
"Mali","Data not available","Data not available","Data not available","Data not available","Data not available","Data not available","Data not available","Data not available","Data not available","Data not available","Data not available","Data not available","Data not available","Data not available","Data not available","Data not available"
"Malta","Data not available","Data not available","Data not available","Data not available","Data not available","Data not available","Data not available","Data not available","Data not available","Data not available","Data not available","Data not available","Data not available","Data not available","Data not available","Data not available"
"Marshall Islands","Global Youth Tobacco Survey","2016","National","'13-15","14.9","18.9","11.8","Data not available","Data not available","Data not available","16.7","21.8","12.4","Data not available","Data not available","Data not available"
"Mauritania","Global Youth Tobacco Survey","2018","National","'13-15","6.8","6.5","6.8","Data not available","Data not available","Data not available","Data not available","Data not available","Data not available","Data not available","Data not available","Data not available"
"Mauritius","Global Youth Tobacco Survey","2016","National","'13-15","2.3","2.1","2.4","Data not available","Data not available","Data not available","Data not available","Data not available","Data not available","Data not available","Data not available","Data not available"
"Mexico","Global Youth Tobacco Survey","2011","National","'13-15","4.9","5.9","3.9","Data not available","Data not available","Data not available","Data not available","Data not available","Data not available","Data not available","Data not available","Data not available"
"Micronesia (Federated States of)","Global Youth Tobacco Survey","2013","National","'13-15","23.8","26.4","21.7","Data not available","Data not available","Data not available","Data not available","Data not available","Data not available","Data not available","Data not available","Data not available"
"Monaco","Data not available","Data not available","Data not available","Data not available","Data not available","Data not available","Data not available","Data not available","Data not available","Data not available","Data not available","Data not available","Data not available","Data not available","Data not available","Data not available"
"Mongolia","Global Youth Tobacco Survey","2014","National","'13-15","9.5","13.6","5.7","Data not available","Data not available","Data not available","Data not available","Data not available","Data not available","Data not available","Data not available","Data not available"
"Montenegro","Global Youth Tobacco Survey","2014","National","'13-15","1.4","2.0","1.0","Data not available","Data not available","Data not available","Data not available","Data not available","Data not available","Data not available","Data not available","Data not available"
"Morocco","Global Youth Tobacco Survey","2016","National","'13-15","3.1","3.8","2.4","Data not available","Data not available","Data not available","5.3","6.3","4.3","Data not available","Data not available","Data not available"
"Mozambique","Global Youth Tobacco Survey","2013","National","'13-15","7.5","8.3","6.5","Data not available","Data not available","Data not available","Data not available","Data not available","Data not available","Data not available","Data not available","Data not available"
"Myanmar","Global Youth Tobacco Survey","2016","National","'13-15","5.7","11.0","1.5","Data not available","Data not available","Data not available","Data not available","Data not available","Data not available","Data not available","Data not available","Data not available"
"Namibia","Global Youth Tobacco Survey","2008","National","'13-15","16.0","15.6","15.8","Data not available","Data not available","Data not available","Data not available","Data not available","Data not available","Data not available","Data not available","Data not available"
"Nauru","Data not available","Data not available","Data not available","Data not available","Data not available","Data not available","Data not available","Data not available","Data not available","Data not available","Data not available","Data not available","Data not available","Data not available","Data not available","Data not available"
"Nepal","Global Youth Tobacco Survey","2011","National","'13-15","16.2","19.7","12.9","Data not available","Data not available","Data not available","Data not available","Data not available","Data not available","Data not available","Data not available","Data not available"
"Netherlands","Youth Smoking Monitor","2013","National","'10-19","0.2","0.3","0.1","Data not available","Data not available","Data not available","Data not available","Data not available","Data not available","Data not available","Data not available","Data not available"
"New Zealand","ASH Year 10 Survey","2018","National","'14-15","Data not available","Data not available","Data not available","Data not available","Data not available","Data not available","4.0","4.8","3.2","1.8","2.3","1.3"
"Nicaragua","Global Youth Tobacco Survey","2014","National","'13-15","4.3","5.1","3.3","Data not available","Data not available","Data not available","5.4","7.4","3.4","Data not available","Data not available","Data not available"
"Niger","Data not available","Data not available","Data not available","Data not available","Data not available","Data not available","Data not available","Data not available","Data not available","Data not available","Data not available","Data not available","Data not available","Data not available","Data not available","Data not available"
"Nigeria","Global Youth Tobacco Survey (Abuja)","2008","Subnational","'13-15","8.8","10.6","6.8","Data not available","Data not available","Data not available","Data not available","Data not available","Data not available","Data not available","Data not available","Data not available"
"Niue","Global Youth Tobacco Survey","2009","National","'13-15","8.6","9.0","7.9","Data not available","Data not available","Data not available","Data not available","Data not available","Data not available","Data not available","Data not available","Data not available"
"Norway","Health Behaviour in School-aged Children","2014","National","'15-15","9.0","12.0","6.0","7.0","10.0","4.0","Data not available","Data not available","Data not available","Data not available","Data not available","Data not available"
"occupied Palestinian territory, including east Jerusalem","Global Youth Tobacco Survey (West Bank)","2016","Subnational","'13-15","6.0","8.4","3.5","Data not available","Data not available","Data not available","Data not available","Data not available","Data not available","Data not available","Data not available","Data not available"
"Oman","Global Youth Tobacco Survey","2016","National","'13-15","2.9","4.2","1.8","Data not available","Data not available","Data not available","Data not available","Data not available","Data not available","Data not available","Data not available","Data not available"
"Pakistan","Global Youth Tobacco Survey","2013","National","'13-15","5.3","6.4","3.7","Data not available","Data not available","Data not available","Data not available","Data not available","Data not available","Data not available","Data not available","Data not available"
"Palau","Global Youth Tobacco Survey","2017","National","'13-15","14.7","12.2","16.8","Data not available","Data not available","Data not available","Data not available","Data not available","Data not available","Data not available","Data not available","Data not available"
"Panama","Global Youth Tobacco Survey","2017","National","'13-15","2.3","2.2","2.4","Data not available","Data not available","Data not available","6.4","7.1","5.2","Data not available","Data not available","Data not available"
"Papua New Guinea","Global Youth Tobacco Survey","2016","National","'13-15","12.2","10.9","13.6","Data not available","Data not available","Data not available","19.6","19.7","18.9","Data not available","Data not available","Data not available"
"Paraguay","Global Youth Tobacco Survey","2014","National","'13-15","1.9","2.3","1.4","Data not available","Data not available","Data not available","3.7","4.0","3.3","Data not available","Data not available","Data not available"
"Peru","Global Youth Tobacco Survey","2014","National","'13-15","1.6","1.3","1.9","Data not available","Data not available","Data not available","2.4","2.8","1.9","Data not available","Data not available","Data not available"
"Philippines","Global Youth Tobacco Survey","2015","National","'13-15","2.5","2.9","2.1","Data not available","Data not available","Data not available","Data not available","Data not available","Data not available","Data not available","Data not available","Data not available"
"Poland","Global Youth Tobacco Survey","2016","National","'13-15","5.6","7.9","3.3","Data not available","Data not available","Data not available","23.4","28.0","18.6","Data not available","Data not available","Data not available"
"Portugal","Global Youth Tobacco Survey","2013","National","'13-15","3.5","3.9","3.1","Data not available","Data not available","Data not available","Data not available","Data not available","Data not available","Data not available","Data not available","Data not available"
"Qatar","Global Youth Tobacco Survey","2013","National","'13-15","6.1","9.4","3.2","Data not available","Data not available","Data not available","Data not available","Data not available","Data not available","Data not available","Data not available","Data not available"
"Republic of Korea","Korea Youth Risk Behavior Web-based Survey","2018","National","'13-18","Data not available","Data not available","Data not available","Data not available","Data not available","Data not available","2.7","4.1","1.1","Data not available","Data not available","Data not available"
"Republic of Moldova","Global Youth Tobacco Survey","2013","National","'13-15","2.0","2.2","2.4","Data not available","Data not available","Data not available","Data not available","Data not available","Data not available","Data not available","Data not available","Data not available"
"Republic of North Macedonia","Global Youth Tobacco Survey","2016","National","'13-15","2.1","2.4","1.8","Data not available","Data not available","Data not available","Data not available","Data not available","Data not available","Data not available","Data not available","Data not available"
"Romania","Global Youth Tobacco Survey","2017","National","'13-15","Data not available","Data not available","Data not available","Data not available","Data not available","Data not available","8.2","10.1","5.9","Data not available","Data not available","Data not available"
"Russian Federation","Global Youth Tobacco Survey","2015","National","'13-15","2.7","3.8","1.6","Data not available","Data not available","Data not available","Data not available","Data not available","Data not available","Data not available","Data not available","Data not available"
"Rwanda","Global Youth Tobacco Survey","2008","National","'13-15","7.4","8.3","6.0","Data not available","Data not available","Data not available","Data not available","Data not available","Data not available","Data not available","Data not available","Data not available"
"Saint Kitts and Nevis","Data not available","Data not available","Data not available","Data not available","Data not available","Data not available","Data not available","Data not available","Data not available","Data not available","Data not available","Data not available","Data not available","Data not available","Data not available","Data not available"
"Saint Lucia","Global Youth Tobacco Survey","2017","National","'13-15","3.5","4.5","2.4","Data not available","Data not available","Data not available","11.0","15.0","6.6","Data not available","Data not available","Data not available"
"Saint Vincent and the Grenadines","Global Youth Tobacco Survey","2011","National","'13-15","6.3","7.1","5.5","Data not available","Data not available","Data not available","Data not available","Data not available","Data not available","Data not available","Data not available","Data not available"
"Samoa","Global Youth Tobacco Survey","2017","National","'13-15","2.1","2.9","1.5","Data not available","Data not available","Data not available","Data not available","Data not available","Data not available","Data not available","Data not available","Data not available"
"San Marino","Global Youth Tobacco Survey","2014","National","'13-15","0.4","0.4","0.4","Data not available","Data not available","Data not available","Data not available","Data not available","Data not available","Data not available","Data not available","Data not available"
"Sao Tome and Principe","Data not available","Data not available","Data not available","Data not available","Data not available","Data not available","Data not available","Data not available","Data not available","Data not available","Data not available","Data not available","Data not available","Data not available","Data not available","Data not available"
"Saudi Arabia","Global Youth Tobacco Survey","2010","National","'13-15","3.4","4.8","1.8","Data not available","Data not available","Data not available","Data not available","Data not available","Data not available","Data not available","Data not available","Data not available"
"Senegal","Global Youth Tobacco Survey","2013","National","'13-15","4.3","6.6","1.8","Data not available","Data not available","Data not available","Data not available","Data not available","Data not available","Data not available","Data not available","Data not available"
"Serbia","Global Youth Tobacco Survey","2013","National","'13-15","2.7","3.3","2.1","Data not available","Data not available","Data not available","Data not available","Data not available","Data not available","Data not available","Data not available","Data not available"
"Seychelles","Global Youth Tobacco Survey","2015","National","'13-15","1.7","2.8","0.6","Data not available","Data not available","Data not available","Data not available","Data not available","Data not available","Data not available","Data not available","Data not available"
"Sierra Leone","Global Youth Tobacco Survey","2017","National","'13-15","6.0","6.5","5.4","Data not available","Data not available","Data not available","Data not available","Data not available","Data not available","Data not available","Data not available","Data not available"
"Singapore","Data not available","Data not available","Data not available","Data not available","Data not available","Data not available","Data not available","Data not available","Data not available","Data not available","Data not available","Data not available","Data not available","Data not available","Data not available","Data not available"
"Slovakia","Global Youth Tobacco Survey","2016","National","'13-15","3.7","4.9","2.4","Data not available","Data not available","Data not available","8.0","9.6","6.5","Data not available","Data not available","Data not available"
"Slovenia","Health Behaviour in School-aged Children","2014","National","'15-15","0.7","1.1","0.4","Data not available","Data not available","Data not available","0.9","1.5","0.4","Data not available","Data not available","Data not available"
"Solomon Islands","Data not available","Data not available","Data not available","Data not available","Data not available","Data not available","Data not available","Data not available","Data not available","Data not available","Data not available","Data not available","Data not available","Data not available","Data not available","Data not available"
"Somalia","Data not available","Data not available","Data not available","Data not available","Data not available","Data not available","Data not available","Data not available","Data not available","Data not available","Data not available","Data not available","Data not available","Data not available","Data not available","Data not available"
"South Africa","South African National Youth Risk Behaviour Survey","2011","National","'14-14","7.9","9.1","6.9","Data not available","Data not available","Data not available","Data not available","Data not available","Data not available","Data not available","Data not available","Data not available"
"South Sudan","Data not available","Data not available","Data not available","Data not available","Data not available","Data not available","Data not available","Data not available","Data not available","Data not available","Data not available","Data not available","Data not available","Data not available","Data not available","Data not available"
"Spain","Data not available","Data not available","Data not available","Data not available","Data not available","Data not available","Data not available","Data not available","Data not available","Data not available","Data not available","Data not available","Data not available","Data not available","Data not available","Data not available"
"Sri Lanka","Global Youth Tobacco Survey","2015","National","'13-15","2.4","4.2","0.5","Data not available","Data not available","Data not available","Data not available","Data not available","Data not available","Data not available","Data not available","Data not available"
"Sudan","Global Youth Tobacco Survey","2014","National","'13-15","4.9","6.1","3.2","Data not available","Data not available","Data not available","Data not available","Data not available","Data not available","Data not available","Data not available","Data not available"
"Suriname","Global Youth Tobacco Survey","2016","National","'13-15","1.1","1.7","0.6","Data not available","Data not available","Data not available","5.9","7.4","4.6","Data not available","Data not available","Data not available"
"Sweden","Alcohol and drug use among students (Skolelevers drogvanor)","2018","National","'15-16","7","10","3","2","4","0","8","9","6","1","Data not available","Data not available"
"Switzerland","Health Behaviour in School-aged Children","2018","National","'15-15","3.7","6.0","1.3","Data not available","Data not available","Data not available","16.8","20.6","12.9","Data not available","Data not available","Data not available"
"Syrian Arab Republic","Global Youth Tobacco Survey","2010","National","'13-15","5.9","7.6","3.6","Data not available","Data not available","Data not available","Data not available","Data not available","Data not available","Data not available","Data not available","Data not available"
"Tajikistan","Global Youth Tobacco Survey","2014","National","'13-15","1.8","2.0","1.4","Data not available","Data not available","Data not available","Data not available","Data not available","Data not available","Data not available","Data not available","Data not available"
"Thailand","Global Youth Tobacco Survey","2015","National","'13-15","2.7","4.1","1.3","Data not available","Data not available","Data not available","3.3","4.7","1.9","Data not available","Data not available","Data not available"
"Timor-Leste","Global Youth Tobacco Survey","2013","National","'13-15","8.4","7.7","9.3","Data not available","Data not available","Data not available","Data not available","Data not available","Data not available","Data not available","Data not available","Data not available"
"Togo","Global Youth Tobacco Survey","2013","National","'13-15","2.1","2.4","1.8","Data not available","Data not available","Data not available","Data not available","Data not available","Data not available","Data not available","Data not available","Data not available"
"Tonga","Data not available","Data not available","Data not available","Data not available","Data not available","Data not available","Data not available","Data not available","Data not available","Data not available","Data not available","Data not available","Data not available","Data not available","Data not available","Data not available"
"Trinidad and Tobago","Global Youth Tobacco Survey","2017","National","'13-15","4.1","5.0","3.2","Data not available","Data not available","Data not available","17.2","21.7","12.9","Data not available","Data not available","Data not available"
"Tunisia","Global Youth Tobacco Survey","2017","National","'13-15","2.9","3.8","2.0","Data not available","Data not available","Data not available","Data not available","Data not available","Data not available","Data not available","Data not available","Data not available"
"Turkey","Data not available","Data not available","Data not available","Data not available","Data not available","Data not available","Data not available","Data not available","Data not available","Data not available","Data not available","Data not available","Data not available","Data not available","Data not available","Data not available"
"Turkmenistan","Global Youth Tobacco Survey","2015","National","'13-15","0.2","0.2","0.2","Data not available","Data not available","Data not available","Data not available","Data not available","Data not available","Data not available","Data not available","Data not available"
"Tuvalu","Data not available","Data not available","Data not available","Data not available","Data not available","Data not available","Data not available","Data not available","Data not available","Data not available","Data not available","Data not available","Data not available","Data not available","Data not available","Data not available"
"Uganda","Global Youth Tobacco Survey","2018","National","'13-15","6.5","7.1","6.0","Data not available","Data not available","Data not available","Data not available","Data not available","Data not available","Data not available","Data not available","Data not available"
"Ukraine","Global Youth Tobacco Survey","2017","National","'13-15","3.1","3.1","3.2","Data not available","Data not available","Data not available","18.4","22.6","14.0","Data not available","Data not available","Data not available"
"United Arab Emirates","Global Youth Tobacco Survey","2013","National","'13-15","3.4","4.1","2.6","Data not available","Data not available","Data not available","Data not available","Data not available","Data not available","Data not available","Data not available","Data not available"
"United Kingdom of Great Britain and Northern Ireland","Smoking, Drinking and Drug Use Among Young People in England (England)","2016","Subnational","'11-15","Data not available","Data not available","Data not available","Data not available","Data not available","Data not available","6.0","7.0","5.0","Data not available","Data not available","Data not available"
"United Republic of Tanzania","Global Youth Tobacco Survey","2016","National","'13-15","2.1","2.9","0.9","Data not available","Data not available","Data not available","Data not available","Data not available","Data not available","Data not available","Data not available","Data not available"
"United States of America","National Youth Tobacco Survey","2018","National","'Middle-school","1.8","2.7","0.9","Data not available","Data not available","Data not available","4.9","5.1","4.8","Data not available","Data not available","Data not available"
"Uruguay","Global Youth Tobacco Survey","2014","National","'13-15","3.5","4.0","3.1","Data not available","Data not available","Data not available","Data not available","Data not available","Data not available","Data not available","Data not available","Data not available"
"Uzbekistan","Data not available","Data not available","Data not available","Data not available","Data not available","Data not available","Data not available","Data not available","Data not available","Data not available","Data not available","Data not available","Data not available","Data not available","Data not available","Data not available"
"Vanuatu","Global Youth Tobacco Survey","2017","National","'13-15","5.2","5.9","4.6","Data not available","Data not available","Data not available","5.7","7.0","4.5","Data not available","Data not available","Data not available"
"Venezuela (Bolivarian Republic of)","Global Youth Tobacco Survey","2010","National","'13-15","5.1","6.9","2.6","Data not available","Data not available","Data not available","Data not available","Data not available","Data not available","Data not available","Data not available","Data not available"
"Viet Nam","Global Youth Tobacco Survey","2014","National","'13-15","0.7","1.0","0.4","Data not available","Data not available","Data not available","Data not available","Data not available","Data not available","Data not available","Data not available","Data not available"
"Yemen","Global Youth Tobacco Survey","2014","National","'13-15","5.1","6.7","2.6","Data not available","Data not available","Data not available","Data not available","Data not available","Data not available","Data not available","Data not available","Data not available"
"Zambia","Data not available","Data not available","Data not available","Data not available","Data not available","Data not available","Data not available","Data not available","Data not available","Data not available","Data not available","Data not available","Data not available","Data not available","Data not available","Data not available"
"Zimbabwe","Global Youth Tobacco Survey","2014","National","'13-15","5.6","6.5","4.6","Data not available","Data not available","Data not available","Data not available","Data not available","Data not available","Data not available","Data not available","Data not available"
